x01,x02,x03,x04,x05,x06,x07,x08,x09,x10,x11,x12,x13,x14,x15,x16,x17,total_energy,aircraft_component_1,aircraft_component_2,runway_surface,runway_base,runway_subgrade
0.6394267984578837,0.025010755222666936,0.27502931836911926,0.22321073814882275,0.7364712141640124,0.6766994874229113,0.8921795677048454,0.08693883262941615,0.4219218196852704,0.029797219438070344,0.21863797480360336,0.5053552881033624,0.026535969683863625,0.1988376506866485,0.6498844377795232,0.5449414806032167,0.2204406220406967,79.36344670808826,27.747666959424663,10.175075286558668,17.200234546952956,13.116053690744113,10.94588485665605
0.8094304566778266,0.006498759678061017,0.8058192518328079,0.6981393949882269,0.3402505165179919,0.15547949981178155,0.9572130722067812,0.33659454511262676,0.09274584338014791,0.09671637683346401,0.8474943663474598,0.6037260313668911,0.8071282732743802,0.7297317866938179,0.5362280914547007,0.9731157639793706,0.3785343772083535,84.85308920237028,28.40526356640183,10.045491317746427,21.446554014662464,15.490696974941134,9.361002066071968
0.8294046642529949,0.6185197523642461,0.8617069003107772,0.577352145256762,0.7045718362149235,0.045824383655662215,0.22789827565154686,0.28938796360210717,0.0797919769236275,0.23279088636103018,0.10100142940972912,0.2779736031100921,0.6356844442644002,0.36483217897008424,0.37018096711688264,0.2095070307714877,0.26697782204911336,91.18734612544571,28.385695409841272,14.329638266549722,21.89365520248622,14.88676072628381,10.818287344859694
0.6480353852465935,0.6091310056669882,0.171138648198097,0.7291267979503492,0.1634024937619284,0.3794554417576478,0.9895233506365952,0.6399997598540929,0.5569497437746462,0.6846142509898746,0.8428519201898096,0.7759999115462448,0.22904807196410437,0.03210024390403776,0.3154530480590819,0.26774087597570273,0.21098284358632646,83.05735435470449,27.23926473598123,14.263917039668918,16.369109185584776,15.645633989751746,8.653609975047713
0.8763676264726689,0.3146778807984779,0.65543866529488,0.39563190106066426,0.9145475897405435,0.4588518525873988,0.26488016649805246,0.24662750769398345,0.5613681341631508,0.26274160852293527,0.5845859902235405,0.897822883602477,0.39940050514039727,0.21932075915728333,0.9975376064951103,0.5095262936764645,0.09090941217379389,86.85821707296483,29.68137996990149,12.202745165589345,20.24350932235904,13.97815950530332,11.658190358962173
0.10964913035065915,0.62744604170309,0.7920793643629641,0.42215996679968404,0.06352770615195713,0.38161928650653676,0.9961213802400968,0.529114345099137,0.9710783776136181,0.8607797022344981,0.011481021942819636,0.7207218193601946,0.6817103690265748,0.5369703304087952,0.2668251899525428,0.6409617985798081,0.11155217359587644,79.82292824328945,21.859729876519665,14.39212229192163,21.336634914903712,14.11079983399842,8.254110824607828
0.45372370632920644,0.9538159275210801,0.8758529403781941,0.26338905075109076,0.5005861130502983,0.17865188053013137,0.9126278393448205,0.8705185698367669,0.2984447914486329,0.6389494948660052,0.6089702114381723,0.1528392685496348,0.7625108000751513,0.5393790301196257,0.7786264786305582,0.5303536721951775,0.0005718961279435053,86.54567765999143,24.894540824352326,16.676711492647563,22.006823523025552,13.316945253755454,10.002344452201193
0.019476742385832302,0.9290986162646171,0.8787218778231842,0.8316655293611794,0.30751412540266143,0.05792516649418755,0.8780095992040405,0.9469494452979941,0.08565345206787878,0.4859904633166138,0.06921251846838361,0.7606021652572316,0.7658344293069878,0.1283914644997628,0.4752823780987313,0.5498035934949439,0.2650566289400591,84.97733332387156,20.3106177568467,16.50369031385232,22.029775022585476,16.158327646805898,9.230056501610646
0.4231379402008869,0.21179820544208205,0.5392960887794583,0.7299310690899762,0.2011510633896959,0.31171629130089495,0.9951493566608947,0.6498780576394535,0.43810008391450406,0.5175758410355906,0.12100419586826572,0.22469733703155736,0.33808556214745533,0.5883087184572333,0.230114732596577,0.22021738445155947,0.07099308600903254,80.36823364648977,24.85481198461066,11.482587438094574,19.314368710235666,15.649655345449881,8.804604253558784
0.22894178381115438,0.905420013006128,0.8596354002537465,0.07085734988865344,0.23800463436899522,0.6689777782962806,0.2142368073704386,0.132311848725025,0.935514240580671,0.5710430933252845,0.47267102631179414,0.7846194242907534,0.8074969977666434,0.1904099143618777,0.09693081422882333,0.4310511824063775,0.4235786230199208,83.08275131076957,23.627373394704104,16.337940091042896,21.877083202029972,12.354286749443267,8.95201853747598
0.7290758494598506,0.6733645472933015,0.9841652113659661,0.09841787115195888,0.4026212821022688,0.33930260539496315,0.8616725363527911,0.24865633392028563,0.1902089084408115,0.4486135478331319,0.4218816398344042,0.27854514466694047,0.2498064478821005,0.9232655992760128,0.44313074505345695,0.8613491047618306,0.5503253124498481,86.75998837058789,27.96936370538843,14.71355183105311,22.873321690927728,12.492089355759795,9.610485128409074
0.9992824684127266,0.8360275850799519,0.9689962572847513,0.9263669830081276,0.8486957344143055,0.16631111060391401,0.48564112545071847,0.21374729919918167,0.4010402925494526,0.058635399972178925,0.3789731189769161,0.9853088437797259,0.26520305817215195,0.7840706019485694,0.4550083673391433,0.4230074859901629,0.9573176408596732,97.94707329085605,30.32544690533509,15.852193095559663,22.751970058278012,16.63183491504064,11.394782937657222
0.5557683234056182,0.718408275296326,0.15479682527406413,0.2967078254945642,0.9687093649691588,0.5791802908162562,0.5421952013742742,0.7479755603790641,0.05716527290748308,0.5841775944589712,0.5028503829195136,0.8527198920482854,0.15743272793948326,0.9607789032744504,0.08011146524058688,0.1858249609807232,0.5950351064500277,83.69207803951312,26.716043815688693,15.02885792707428,16.238374602192515,13.48353912747282,11.874837459876636
0.2352038950009312,0.11988661394712419,0.8902873141294375,0.24621534778862486,0.5945191535334412,0.6193815103321031,0.4192249153358725,0.5836722892912247,0.5227827155319589,0.9347062577364272,0.20425919942353643,0.7161918007894148,0.23868595261584602,0.3957858467912545,0.6716902229599713,0.2999970797987622,0.31617719627185403,80.66518911924459,23.590801970673517,10.83920629762987,22.1222985130355,13.231076738943123,10.378076614133764
0.07254311449315731,0.4582855226185861,0.9984544408544423,0.9960964478550944,0.073260721099633,0.2131543122670404,0.26520041475040135,0.9332593779937091,0.8808641736864395,0.8792702424845428,0.36952708873888396,0.15774683235723197,0.833744954639807,0.703539925087371,0.6116777657259501,0.9872330636315043,0.6539763177107326,81.63654529260961,21.151739769465653,13.207998658330103,22.98763552683554,16.980482239275474,8.293042884398531
0.8171041351154616,0.2993787521999779,0.6633887149660773,0.9389300039271039,0.13429111439336772,0.11542867041910221,0.10703597770941764,0.5532236408848159,0.2723482123148163,0.6048298270302239,0.7176121871387979,0.20359731232745293,0.6342379588850797,0.2639839016304094,0.48853185214937656,0.9053364910793232,0.8461037132948555,85.22107108975574,28.401898691992823,12.095651265399844,20.30710971972862,16.694650019635517,8.537164457573471
0.42357577256372636,0.27668022397225167,0.0035456890877823,0.7711192230196271,0.6371133773013796,0.2619552624343482,0.7412309083479308,0.5516804211263913,0.42768691898067934,0.009669699608339966,0.07524386007376704,0.883106393300143,0.9039285715598931,0.5455902892055223,0.8345950198860167,0.582509566489794,0.14809378556748265,77.38373599388191,24.75966825050596,11.936761567805762,15.028365512702258,15.855596115098136,10.548453509205519
0.3082583499301337,0.89898148874259,0.7961223048880417,0.8607025820009028,0.8989246365264746,0.21007653833975404,0.24952973922292443,0.10279362167178563,0.7801162418714427,0.8841347014510089,0.4063773898321168,0.6206615101507128,0.15455333833220464,0.9298810156936744,0.864605696219964,0.9762060329309629,0.8107717199403969,89.82662930172037,23.502736575980844,16.29287042119813,21.368978439104332,16.303512910004514,11.595698546105899
0.024786361898188725,0.7365644717550821,0.33218546794642867,0.9308158860483255,0.8022351389371389,0.8640640283752794,0.810749316574389,0.26680570959447203,0.7873745091354711,0.10809562640295711,0.8721667829060897,0.8585932513377816,0.22243371754566443,0.816586605596929,0.4603032346789421,0.30519086733860057,0.7953454991528618,82.10763768239516,21.97599167573245,15.155951302285574,17.65748374357143,16.654079430241627,11.208940555748555
0.02366443470145152,0.19312978832770866,0.3282619511977065,0.8643529420302863,0.9668891040483611,0.2791249927218714,0.6414817386076277,0.39967838436006087,0.9811496871982601,0.5362157324787219,0.9392371403247157,0.11534175185142759,0.970400611022228,0.17856781617246364,0.9625343157615555,0.2654663625229686,0.1084025472147111,77.83134710380803,20.79489433245826,11.35190851829396,17.626095609581654,16.32176471015143,11.867556416193445
0.7285450606527043,0.31367731419499123,0.6062088533061433,0.5114230596694781,0.38519543334472717,0.5765880434965995,0.25472250613858194,0.7087852838341706,0.0016912782186294661,0.9255751654990827,0.5384519970927919,0.7194299991448455,0.7419500778394765,0.6706285044329995,0.3642214717812642,0.06997381112631018,0.6642376849112723,84.24233582314582,28.43862669352024,12.195741199364939,19.849670826449145,14.55711529834739,9.540781733378909
0.31391564505835967,0.8480152795063355,0.7197542630139502,0.3003222682112642,0.30928466220865325,0.40839290861921684,0.40240038705772463,0.295655202525947,0.12728779905915322,0.4204463337729083,0.940363670730183,0.6773179452727329,0.9028055457325826,0.6155149159513805,0.3009498745655653,0.5479372131356982,0.0004059396972875273,82.96266075210677,23.95594226782203,15.936106956544348,20.7580341041116,13.501611341056321,9.237138648834613
0.4298881499898346,0.579984781195682,0.6547056237030716,0.4649881902470142,0.4421597993048074,0.2137014009891003,0.47318618590932626,0.9011808258282542,0.7960247601267803,0.16969139619805473,0.08479553672512175,0.5154520099152164,0.6329408557657957,0.3351882554098009,0.8184234645366643,0.7511381375407322,0.672795670557167,82.56668424031976,24.726284301876547,14.059893468369774,20.237644989624574,14.324940951235071,9.76863919721923
0.19912993272657664,0.024425387726826342,0.24484254407835015,0.47513634421880513,0.8497376946247319,0.0728282291845691,0.41444101099771935,0.6297653807377137,0.1944352367397093,0.6963542504905049,0.49437716901043693,0.24398443957843885,0.6560580111117841,0.00554481813803176,0.7509644766184729,0.7700461885740251,0.10658729656353894,74.89159873982793,22.136955785634907,10.170977714087785,16.9587403526268,14.375681721094026,11.398950778498929
0.17588668170653166,0.9579660422795397,0.5179577504437408,0.05021838514064092,0.24919827965997166,0.8483363473516597,0.45646182547017256,0.8014166017222645,0.6675777325863531,0.987892453066448,0.5954523184694197,0.9500396084431559,0.891425925810437,0.6126523227617628,0.7192739612759671,0.504778164824402,0.830569169721415,80.64859275684009,23.455539511768638,16.705762295956777,19.143662003549927,12.251091925703205,8.996793118639886
0.8972081032332622,0.7436554421595849,0.4746744368230533,0.25919154846501935,0.24723973750965955,0.6376614367761563,0.7658136842971655,0.5212998128279821,0.6267484369817813,0.2745974469175383,0.07748335386473582,0.2857281508631525,0.2717151070821846,0.3197095684187623,0.5401522225184564,0.13837406151615572,0.23126147972818678,86.9232038125483,30.247403905884934,15.205588095117093,18.79739549458443,13.295957742325097,8.988958950038638
0.7064191416945522,0.06422885071387807,0.4075993696665867,0.5426111405039153,0.41577423410315595,0.20683438951441024,0.4201435177734256,0.9048384783401769,0.5840794142042252,0.6955229864979681,0.8567320323039342,0.7655945761180695,0.38038102892771164,0.0058960835839930725,0.3517588026718247,0.7534751250593859,0.8534479505691046,81.4712704241766,27.477860195974344,10.449601954997146,18.260794957332692,14.713055702519576,9.663096936412623
0.41902128262982186,0.7475156689780508,0.5461323097338391,0.6032525889412413,0.2205386943238189,0.21942163462143616,0.4358359760466366,0.02902481994671524,0.33612954369838244,0.6791418850283497,0.4043166691376371,0.16504473120350882,0.46739014923231015,0.1276277972811607,0.6222569609740647,0.02696645190513769,0.3940202563397047,83.25792594430919,24.62905609554109,15.232609682846356,19.369058477870713,15.016262944706206,8.882154777295275
0.027102046340312436,0.6427496480093358,0.13569948723056424,0.4616984440515117,0.05028463348862755,0.37910386418813957,0.21166028421148153,0.32684580488130854,0.7612297078940271,0.3791262155641363,0.7520098235547849,0.8319242851552726,0.2522715317823806,0.08190623276164255,0.01938328705001069,0.5394190479225337,0.9999078285092092,73.82362306734171,21.029228191779406,14.49924753606535,16.085595897844513,14.308492220257559,8.20113853395451
0.650144093249875,0.7812330496108949,0.6517546552438894,0.7542332040595262,0.9496117327159889,0.1993606823625329,0.020380017320332344,0.15238234578479037,0.12622097487420625,0.6694588446199107,0.5639695819300191,0.21796454090650363,0.6994649712461508,0.7668980983562408,0.16778914336780226,0.6072474938909317,0.7479256519552858,89.38150958037058,26.900162297223815,15.468631347276265,20.214037241951115,15.771166020297631,11.798446930863955
0.8193011743110851,0.9647207730340877,0.10809874965760657,0.025678425497466018,0.3119572443946952,0.6773472868504088,0.9581728382058959,0.3966544415166273,0.7150147050494684,0.07599647784305996,0.6906144159329803,0.6272423956010444,0.10190130544597653,0.772480884951224,0.8502932390887963,0.6004116148168441,0.12105506506731512,84.50945153340659,29.54770631681167,16.753045411238613,15.864789997260853,12.12839212748733,9.24782897757878
0.7826353463610196,0.347203765308449,0.42837801323474445,0.3705708762180562,0.5059607896770779,0.3412311748612832,0.8495756269995773,0.8223309180900581,0.10553887064399858,0.9607875672145786,0.6355851061014459,0.8287073110024582,0.7073086437060769,0.43548714500767705,0.7337953040133919,0.9654737312380777,0.27008239638740084,83.85936225378197,28.508815813332763,12.430426357159142,18.427024105877955,13.852854381090282,10.023843158708312
0.5381729064482558,0.4834975038831961,0.4355744930038943,0.7310262143051223,0.26839553804922534,0.8517131600193318,0.8307310188906034,0.0866628980556744,0.881631184002772,0.243863439190956,0.46470846660323173,0.6103317042305206,0.37898930412826404,0.02869999777008958,0.8509528363124591,0.1818398571576918,0.212119850179739,84.27861179311346,27.08515538452122,13.384482527182373,18.484595944031156,15.655131071525611,9.073582152196902
0.34033884316428364,0.8803199797582254,0.7011837503322016,0.2762685757561849,0.010151114438677111,0.9480625777770312,0.08561296195802126,0.7200746641041943,0.48857784684878736,0.7581646534824664,0.690609339446523,0.6459028997409523,0.49082133507858616,0.7929328681323174,0.09305335055467168,0.22159640047253015,0.6917871552952018,83.10558284495791,25.299513587196902,16.16223985830758,20.609470002657613,13.381342878780924,8.040604457754709
0.5815555853323672,0.47326048875952476,0.5309219311457678,0.42550381270521476,0.7459354367136096,0.33079129719593015,0.7028549421857689,0.27091642697619633,0.2514036762009415,0.12065588475230582,0.1925842934515174,0.11955474125505283,0.5358639653837498,0.762189609484103,0.18514984243766197,0.21638463987860568,0.4841985872127087,84.59776813076496,26.477138447715532,13.312823421316674,19.247375449166142,14.127519063526073,10.983741746854438
0.9766070228830568,0.5246368691086079,0.282998703274955,0.10052610809079077,0.19411757809107344,0.2274831634825547,0.17944154368540333,0.014148367256063832,0.5341350892676633,0.2743113267832673,0.9742949311027379,0.5533589667986083,0.6974173929101944,0.1262794929584089,0.868461197262944,0.49087869452377886,0.8727197349985346,82.58471355782648,30.221036555795678,13.672458083760255,17.26398962619964,12.502630540453954,8.776470312364294
0.4693969449305102,0.44046879813601025,0.18436367039008172,0.051376717183577836,0.9410635967681032,0.4777291872656877,0.8221156452994304,0.40070744225193977,0.07408217025563979,0.6294457069519983,0.05360907429253314,0.14919758447365516,0.5628395970845642,0.3038355118422277,0.9939181227102202,0.11845156221146158,0.7644434453261942,79.44139204938543,25.649427823836476,13.083281586952072,16.474909363120652,12.256883585917889,11.764254387072413
0.7907408298434194,0.22568713706503463,0.5225725351302178,0.45051446488875424,0.44272100401932835,0.8601666658261801,0.9900312604667979,0.3053802443193604,0.6210273210721485,0.6096309122451303,0.740089305484545,0.947590200325378,0.20778790582355133,0.211025195305393,0.6604281371920366,0.15705709338087714,0.17381354832643447,83.56171794890696,29.627741630086554,11.579809959455243,19.180580281041742,14.252572324443772,9.770884016077314
0.002675722602885733,0.4505037046177024,0.5938111951195633,0.2912592890310276,0.23147623455602584,0.7069558298790333,0.7029875580937172,0.45403132640704325,0.6873849200712427,0.9239110444825487,0.7878280266467313,0.6250580071642219,0.6611830428533678,0.9336684584455133,0.42513896610421165,0.5445623787105787,0.6476347234024807,77.5437086528718,21.440668885786923,13.153525932323916,19.750489560956506,13.456296445155138,8.925904938224104
0.8266311596500596,0.07140983685581415,0.16592278922072468,0.30761181261423254,0.7489577220696233,0.5692070493190924,0.28861058830584174,0.12435365817470823,0.6886779912120937,0.6997336849757173,0.9426762407440408,0.5004721771179256,0.4937952193450843,0.08044185189930098,0.03986078418361305,0.43202866416077257,0.32232158335829997,80.26660262306893,29.40472569513878,10.499868857990698,16.327382313765796,13.538059063071163,10.995830888278494
0.0913268866309852,0.9619111021928367,0.8359586139061813,0.5751991092199304,0.9507862778063524,0.9995724168774514,0.6722815843032393,0.2695110259670539,0.040231673144616176,0.7562688304125571,0.47050082325163356,0.6515094894336864,0.9160727879267675,0.18148914722312592,0.5853296252778544,0.6347847194540869,0.49172580219101336,87.19508579657678,22.912413700064754,16.733377715349857,21.68766891124945,14.875995546099652,11.80314511122541
0.34796105629465046,0.333308393665092,0.6701335095211854,0.8577330944003526,0.3298036635789654,0.6936736739834325,0.28821779536145575,0.9451935395632106,0.8135660347379726,0.5500966089717829,0.45482590860172945,0.3145171571701679,0.3232737862759947,0.9701847268085771,0.40417505700074563,0.5145962523291051,0.9881192147817541,83.48438564202239,24.86695791091337,12.333158755655644,20.361068076169484,16.288665472001764,9.31921465431586
0.542593594357195,0.4132475707993215,0.18758254139452712,0.36177935915167525,0.7564431540555737,0.625408742145009,0.759990536061017,0.20355823835027387,0.5492196390853317,0.9276727608444477,0.43811609507237825,0.6982500291221723,0.12142608336261984,0.9731468158216944,0.6088716670819649,0.23929746232765037,0.1583781638052324,81.00649418059945,26.676753427861968,12.89273299559525,16.50066033115622,13.808896795758375,11.025772616222294
0.552251409053733,0.09320920128152255,0.9922571393952196,0.912929878484168,0.4614478941787834,0.11746614908955755,0.8321431737689012,0.49837550470719527,0.7166033259917911,0.5088720150695117,0.2734248967132742,0.8347239455766944,0.9802446326033755,0.24373090607513836,0.5512650768804697,0.3835860132471499,0.9218681499315619,85.77489066517062,25.757446388716446,10.652464408970658,22.938057115161758,16.56464939242084,9.845791576715133
0.8793262551464761,0.8640269344285881,0.27624740282204097,0.7900061820031135,0.41494242355134514,0.9342483936825201,0.5077376758096565,0.8205494731855784,0.28283898328282664,0.2985558497717672,0.5869377224141611,0.9989023332293387,0.489640346655701,0.1485954183827891,0.5385805777038737,0.34512394169300753,0.551917417070811,89.61658783254454,30.6617593388298,16.048188541000115,17.20997922257633,15.950030910015567,9.65976969420538
0.4553446168665011,0.3217773502290374,0.18865237370710541,0.6974984276205713,0.5717976419849011,0.2335624460578931,0.7755444750992588,0.04364729909730192,0.7447051515651959,0.7052278810250026,0.8114089025648769,0.38607875249098234,0.6636888294845347,0.820747551709555,0.9808181386597851,0.49532864961642353,0.03701961134557619,79.56149650834931,25.0205710607808,12.252441451603262,16.509218989656844,15.487492138102857,10.287190567939604
0.590180429309567,0.8697003133622154,0.8741903740543083,0.44030620977067714,0.5259510868075614,0.4569280744742422,0.7224438275706426,0.4099786197463644,0.6547813264277338,0.15436121877154885,0.46949060098473194,0.9692036305742172,0.3385612340514317,0.692704598586882,0.6498366525792726,0.8517652923506914,0.8523413365658931,89.9211053924343,26.815660442044155,16.08790219353551,21.993522992434468,14.201531048853386,10.103804347230245
0.38000939752265506,0.31666115393339966,0.718717425222983,0.7594018093343636,0.8723830173985363,0.03589909983768658,0.06842074718155144,0.6311610168546405,0.9209290987802967,0.9974259229562153,0.746766366737927,0.4339714719231257,0.09844312638319797,0.6337478287807913,0.8725792326070907,0.4436785516617058,0.6940011627932345,84.93164889458652,23.871892174901927,12.216628077533798,20.749739401783863,15.797009046671818,11.489532069594144
0.04599096867721275,0.7961434651622118,0.2933677759652088,0.37484108977531483,0.14556979569939843,0.53116631814876,0.5659280619159368,0.7925194738809532,0.16998364906809738,0.07896835065999463,0.8708395986448548,0.6197103685374153,0.24082979185631304,0.9128290160235548,0.14311772012850965,0.46114991335499755,0.2539773394135423,76.40932683491927,21.522242323069648,15.573004256135484,17.34694220772167,13.874205448876573,8.582279182797594
0.009397431454871041,0.8046330769751463,0.901209423598883,0.6776108856990795,0.15797562207178695,0.44172978360381443,0.3455656244430817,0.5875717051264214,0.6389387023600122,0.4243089384608977,0.25009822440770124,0.8453039251425987,0.19921699910889235,0.38469324896734547,0.4832080610592161,0.23720570192757462,0.5719226923507389,82.98912158651326,20.97743388175634,15.632431538826024,22.209675388791062,15.388054428495398,8.631902488287148
0.9926920436268976,0.29523075388326936,0.9779444845768627,0.6582298159286807,0.27448038017822773,0.565929016955699,0.6857994927340121,0.7446688411653252,0.04904425077599994,0.6064064930764745,0.4967272865238703,0.9041552908937254,0.28619415145919447,0.7988601195075987,0.607064998164266,0.35232095583531653,0.6366178780058919,90.57980255059508,31.058778470180375,12.066615277182885,22.8235558766149,15.291149079643404,9.09792152071291
0.6777644586233594,0.720928376670709,0.6591815403167537,0.8383371169625166,0.6282481036868983,0.9034037040729679,0.6463406088905228,0.3089328839526361,0.4408231901628116,0.5795738053684028,0.7323597679392383,0.09013337574621894,0.2951104516291553,0.7474808649383715,0.17564007044430663,0.13215979774678355,0.5394077589844211,91.55206011559137,28.58445199437953,15.046498636694963,20.27345232253403,16.191685584812582,10.512992414747593
0.530852373702785,0.9134869744816969,0.8304726195673974,0.2569700845632623,0.8246898125424073,0.4818478298737412,0.8064884937937665,0.746559350717045,0.3387152538018863,0.1151697074497594,0.9628932928688776,0.14075701500588267,0.9665002094627521,0.8601405968988218,0.7242167120755182,0.9799422427819034,0.9672697473000323,89.50319413571346,26.272219396775334,16.39440882137188,21.643780956539178,13.284850422816312,11.29875925016963
0.3657750494055664,0.7906819685889375,0.013918655100901178,0.5365723082690591,0.45478602773387466,0.6728283818737536,0.6723407973510132,0.584560091652166,0.8224173012267743,0.9402918917795542,0.10834610219923069,0.23382190221158317,0.025024649646482322,0.8842348452148522,0.5614073822498789,0.9152559087431594,0.22136720007399002,79.27797001333413,25.00340725780317,15.534773780122563,15.11134924080721,14.682861541345297,9.819144110935499
0.8238553513904476,0.909387638427892,0.30219017452925023,0.4082958557954127,0.13977701250722108,0.9462615328819463,0.3043645843560052,0.49262461897820586,0.0971919986218216,0.8872593085285023,0.13566404870633653,0.4536437568888926,0.6704862188501712,0.7431401215231715,0.9459740857794321,0.41912675341472283,0.7422690147653158,85.82394457872324,30.13107657966837,16.365713468995246,17.417521396234,14.041479278977064,8.559108050028884
0.4148845274368069,0.0990216347105285,0.4893470377896145,0.4081158856977005,0.9515215253810595,0.032716286855046905,0.3705299587344354,0.44338308606070165,0.950555169851427,0.8554501933059546,0.09935462460613032,0.6856802654812854,0.5444658614821449,0.9778425294520467,0.35867384121231793,0.3981396427443731,0.18980856216107955,78.91319056155605,24.214277848078165,10.693151442973699,18.914776302316916,14.040579428488503,11.806086101524238
0.848033188463681,0.45471736857051714,0.662768738061978,0.6417044672332176,0.5971459595195451,0.02135745473637063,0.7867945904546167,0.24356889716402363,0.12592388530804288,0.5645779759079633,0.0686101528243559,0.7651573758885845,0.2071573703466585,0.21595135191867476,0.8696954267695447,0.3285595534322304,0.1475541799414437,88.40638652410678,28.523046794109554,13.18302157999362,20.302149904495824,15.208522336166087,10.38858383807818
0.0028355514800163517,0.8584061263801763,0.144687980320508,0.1299921314434368,0.25065419672812383,0.17449712090139347,0.6610576425973168,0.02578014978619836,0.014860327230708847,0.7899846642347539,0.23793160609046304,0.32377146196202244,0.1742462014061772,0.05239901786117651,0.7417180569541495,0.5260855265978671,0.7456652750339957,74.14876585880444,20.377349756602953,16.008842884661235,16.157503842564065,12.649960657217184,9.002616786912496
0.7780170393142027,0.5132379576091917,0.10905401000384551,0.5038386897858214,0.9454156429701063,0.043365036899171705,0.7832269959803796,0.8669809077598383,0.5214512147130841,0.45804252209768204,0.9640261831220287,0.06082540749450582,0.4789819109983633,0.4016172545125605,0.6860974960622327,0.4902688541442253,0.9097008291152293,82.77983570257791,27.866900466940372,13.592665703264341,15.872432080030764,14.519193448929107,11.781662571880425
0.08079047741079193,0.60829742363344,0.06568223332011391,0.2750159995579532,0.6330767243010155,0.5483564340483605,0.32518544331866794,0.9946277558609236,0.5305568374313245,0.4537154175754716,0.6054267915353129,0.09917846167904198,0.7017794185460662,0.852792737295575,0.6509166648813054,0.7689627301047386,0.7208399166575992,75.02559050184846,21.904617642204638,14.25808196543408,15.525457866560911,13.375079997789765,10.532306897204062
0.4515549159652815,0.2284935743645844,0.3389316188351752,0.4534989029074473,0.41598965026149526,0.09508583927563086,0.426764006260958,0.6651078630603089,0.37430102343553684,0.15263892476872376,0.9229850357343844,0.06713330813664775,0.8317718884748545,0.0932301017036774,0.09656443256578562,0.7387959984887157,0.8117692852773923,78.0608233962515,24.705720838204076,11.59945502055209,17.7114529506814,14.267494514537237,9.66395860104598
0.586465082739477,0.5615864139920724,0.32964598141620505,0.1222312853545593,0.35359807963376766,0.6653405200029154,0.7502842502514783,0.8680921488690649,0.7210606787461494,0.9683986253114745,0.600410091224677,0.351646185693149,0.5779185183898549,0.2127388056720061,0.6567363029881521,0.22424486910756558,0.10821838192726663,81.47990019918531,27.1953318674006,13.931104897944508,17.63716785132964,12.611156426772796,9.414392318535072
0.36756105061535016,0.7626056319368497,0.5741000043314627,0.8072213711523444,0.8451551613283581,0.9745466021257082,0.8184268595406696,0.6135732805354648,0.6426991638298314,0.0262538314535834,0.9290842909949364,0.829460789959663,0.26744772515411064,0.1804160719608544,0.7026987728656047,0.30898468882991015,0.33982465677725837,86.98468224849705,25.624703710404916,15.338239423557948,19.592800034651702,16.036106855761723,11.380620645313432
0.8698627065364382,0.5663210947613763,0.40078434399951557,0.14187465415126865,0.6331720126555138,0.03065709838090591,0.7461117620057067,0.21513288003351094,0.41983249376450316,0.3408959817693328,0.3700530924770039,0.7215959677426732,0.776835619966741,0.5675935566143973,0.0849570399771793,0.05260882642552178,0.15740989710715314,84.40820136268242,28.759941262126194,13.964247663329633,18.206274751996126,12.709373270756343,10.532688050622056
0.673968710613113,0.27210284354621894,0.6619386928082612,0.48566170489099625,0.4420441866977791,0.27316684436476946,0.7549431436683707,0.11381750811020175,0.42991363339789035,0.28324647008044934,0.678486254760133,0.4866327533642508,0.6671325587363496,0.045417362604427525,0.39526339608762895,0.5993249569444504,0.007687085899882873,83.28557423743325,27.28602079486067,11.904719904823533,20.29550954246609,14.42830852445498,9.768176746791116
0.21123397922031228,0.137234805257327,0.2555195040214593,0.3281223559378411,0.0077299065693119395,0.7470141234297678,0.1756948018758423,0.38020744571523624,0.7036712633826636,0.5002623465562132,0.8333542024198782,0.8062001865667638,0.07207549659215784,0.8617643620225885,0.04230226156279138,0.0187415365856457,0.9211624345024124,74.0069191412262,23.60636803906266,10.960643636801288,17.044156032171674,13.640611779689205,8.030919626277248
0.5757591607368311,0.573399680885843,0.7094989615689342,0.41769395984348057,0.11517337266379823,0.02085655902474881,0.32476817944551384,0.8013221543104522,0.6181252633042402,0.8320259130717071,0.9197697517413846,0.08812988129788468,0.8444843598146969,0.24331647482273366,0.5888712883029119,0.5239625430006316,0.39576669685933297,82.6588065977145,25.79930472541781,14.013797766200902,20.675991692551474,14.088469799217403,8.460693490655192
0.3395132811484639,0.33306862249313196,0.16813270804568659,0.5104832845421483,0.11402663983855255,0.509952062322972,0.9059227315800504,0.3493752654723803,0.7273791056739043,0.8189486015248519,0.8150370057500141,0.23626884894672429,0.14644421827769438,0.19727180282398327,0.6023989852731658,0.760215295546892,0.6555090105187391,75.4543941979074,24.415036936130583,12.331480357451923,16.345061664365492,14.552416422710742,8.456106559354211
0.7728480892475602,0.49411702501738863,0.7544458252469858,0.7598771496077484,0.448905256995063,0.9241542583856593,0.5644917834027993,0.6352983190605934,0.6245217794418948,0.8642468748314162,0.6272174068997718,0.1509574013930769,0.06828625849575609,0.44220806383628486,0.3028204351390129,0.2746736674861592,0.05617212021307805,89.68085573294309,29.57678940924692,13.45881917512172,21.035566601975887,15.799385748038741,9.795621027980252
0.31040785060631093,0.4519138637006822,0.05689005083395238,0.8316966316631215,0.076731001173455,0.8642500339252391,0.8552933714560903,0.6150083884155736,0.5070678173339551,0.4627116589272723,0.5543163713383039,0.7918177972653585,0.8958767655568026,0.44973370365090626,0.8098159176979711,0.6518374546486099,0.32152676288042836,77.86776124538555,24.83257857391359,13.163397045904775,15.455120406671618,16.158483158315608,8.306924004693819
0.15086107669563853,0.061873700101100715,0.10350187727039162,0.8991268339557735,0.3434377758382676,0.7143155491674626,0.5045490015009574,0.17255891143636493,0.24774372359828423,0.437758274309233,0.4394217917626243,0.5227480352655456,0.15874620798154138,0.3728519821013271,0.2828935786144179,0.4087693972473203,0.33836714684141955,75.26352978206006,22.93724186529131,10.433115900707705,15.828015018163132,16.495634169778867,9.37375110335307
0.7892269315636647,0.6473053569693069,0.06591185427971746,0.09450594751509434,0.678379344840081,0.2841469738781137,0.7237336550024618,0.6565640864104779,0.9063426971636772,0.8732796620605389,0.3333620360605566,0.5827395145864196,0.14142838058431784,0.3498207875358442,0.9676965076927446,0.698479962811881,0.39195798433536033,81.8951251696547,28.460563263392874,14.53113749878515,15.52729483423774,12.472529737575472,10.713517379360324
0.9380021995657608,0.30958188741596093,0.3766793060563002,0.7916619578635435,0.813184783814801,0.6701163999947225,0.8289589728944645,0.7387746721294828,0.6854144402775763,0.526393339734174,0.6460248207334879,0.4234063663221037,0.3618280963467846,0.3625976689820444,0.18026292287684464,0.21419266120890035,0.9476682675343469,88.08435322233156,30.72025479564705,12.167073211911728,18.0134344484504,15.958309789317717,11.252739135259205
0.22654304653388724,0.1375653531770793,0.07716508430087632,0.8444283886858833,0.10114076366789415,0.770874720363101,0.835119826634556,0.8836821654925616,0.03774749235756125,0.33676437196428155,0.7663076044472416,0.13104904142950802,0.37671987082252467,0.1622472120884505,0.8313450566891255,0.7710978137309884,0.8090437196393011,74.34524138230076,23.807179906065077,10.962957472239555,15.617320674407011,16.222141943429417,8.404563054671577
0.43767340513834674,0.41085861149653347,0.6763629221885329,0.23753020144692505,0.44419870980527565,0.28492793256335824,0.7485365180954363,0.44892796303334037,0.5340111496982611,0.3094678965627896,0.8086238710907864,0.4690156050322527,0.8351133927257074,0.3678409582250328,0.9471301702441229,0.9844397935315773,0.4616799784409892,80.76149288635744,24.94658991651018,12.876010280475734,20.410903377508262,13.187651007234624,9.776794839221102
0.3818724341907105,0.5274597884614827,0.9662681532059473,0.8168912395812401,0.8012592241515476,0.1383985346034312,0.25000321158900707,0.6411790362044472,0.874116945052237,0.5545407454244312,0.10258973174840935,0.8458922767334385,0.8511660480847788,0.28506301405932843,0.7631168302916909,0.2727912995913566,0.9053062089782412,87.10207556248753,24.095521411113968,13.692218519230378,22.73014522564758,16.0844561979062,11.20503689660619
0.4374725601949808,0.9464132630117607,0.2220380069069806,0.45112799022070893,0.3495850781386489,0.02667019080293853,0.05325688717107446,0.5020071146932354,0.23577807386343264,0.9945253512382912,0.3749126734177676,0.02818754552815006,0.9308259047499531,0.8391762876116057,0.6499606842941816,0.791380637482176,0.13759958772587166,81.05700193817854,24.428065983555687,16.624892841082325,16.776304055255846,14.255639951103545,9.398340312554595
0.8297615831528226,0.6960719885759836,0.1387926918181862,0.7055361752890804,0.4486014739822466,0.005251198305617932,0.07922577127072128,0.2559239284370447,0.834963099282381,0.5488042454438354,0.7272347853249318,0.5277715058867243,0.11118686032423841,0.28810157803923053,0.30115119458622,0.04774944661885128,0.41982554375344305,85.2008486723701,28.308118228139463,14.872503920031885,16.11034153454549,15.527680876445402,9.794405895928985
0.45711361663644867,0.110857895290015,0.9051468856619985,0.596739042818947,0.016435352205894427,0.5153757302094061,0.24193813442099332,0.14357684024626005,0.42923889310333374,0.6148095827759507,0.24056423880654354,0.4165675952085398,0.6643713017420091,0.08561395498726176,0.9746544909522217,0.06767932290884604,0.5260594453221705,81.68315999518727,25.6018876267833,10.776005267030104,22.24117508529599,14.983695214094734,8.065741408823577
0.9883314855964674,0.5541519524181955,0.3904537325600641,0.470135078158486,0.63567079146863,0.9810394225515603,0.25365026106921273,0.016242231108947625,0.7885200162795153,0.3448024931633913,0.7329410214506417,0.6282569624756564,0.7715013741098591,0.7351869848123113,0.3325186083719849,0.044335688295208175,0.5460137452076915,89.3684635162548,31.845393701067795,13.879063666927369,18.123629860480513,14.35067539079243,10.54268316587452
0.17508912705170843,0.7791425934782815,0.46462289974703774,0.6953892519960639,0.6317358477583378,0.8114976818476064,0.06310053703222462,0.7761903997034217,0.4576795774473532,0.29344257117503125,0.043806275659123095,0.19946983371518834,0.041905941930381996,0.9333709799503973,0.5153835892544988,0.9891227022961234,0.5430306976541859,83.05538516795548,23.373886634212298,15.453998154347971,18.7169831979763,15.47694625998032,10.52694339103335
0.7532909188188649,0.1911034307339109,0.3569741760353634,0.780841566978425,0.8657982770780576,0.33192468638134454,0.1244750082443834,0.368019174314673,0.8894865170122814,0.7433077055196212,0.8946374949550533,0.38664476826069216,0.973723584315309,0.49620322653702265,0.4975233924936273,0.9243104666269636,0.519275853534942,85.35997310237951,28.196758560951338,11.337724015137375,17.855793408282906,15.904207834892125,11.46319310831223
0.7270813243426357,0.07892700605546787,0.6024532988302272,0.8223412795398867,0.545474397344637,0.32121142821459403,0.08006891107499525,0.6609192214581366,0.30649585609075247,0.6026216277305998,0.4261160728830454,0.6897648084454863,0.3515469837719921,0.042355162850129524,0.8700371750563921,0.3525593103084823,0.998150597773049,84.12806624011333,27.913236099855546,10.552489042388276,19.81962639064182,16.111706397699432,10.181897589378547
0.9800272791942791,0.9479043786030863,0.07504116498815927,0.6375125378832983,0.3633111306509823,0.8010959755621699,0.6794106078146899,0.9527893962796078,0.14277946836254973,0.6075729033208553,0.7813119697434665,0.034798965798542025,0.06723336306210881,0.7785153735068654,0.36632847310714856,0.3828544016887777,0.5672446417241195,88.48912158292401,31.40246474306713,16.635330650221604,15.600329319905274,15.187562689416492,9.45324452260393
0.6790620569133949,0.9488235292655565,0.3720133784706837,0.7630844717985795,0.5739217783338957,0.5294598815362896,0.39803404595244996,0.6495607367060315,0.24961165309339794,0.11344861258501804,0.7356748594794277,0.4990439602564668,0.3869873800392635,0.5616727107596471,0.2617766765874958,0.26028977113990337,0.4462731124056162,89.5712517614689,27.84954033220653,16.641764704858893,17.97610702776547,15.815422358992898,10.295687113335582
0.285576877698158,0.9164789095418814,0.4912001952542241,0.12263742190397087,0.8528262903843227,0.45204268524539737,0.8986790307862303,0.44511119274245503,0.08779074110473106,0.6819292602506372,0.8455212189746995,0.31958777209997014,0.34742529473856454,0.06493907831607115,0.5421713612255623,0.8913316823538889,0.8513620507531259,83.55291855537091,23.759854147472375,16.41535236679317,18.929601562033792,12.613187109519854,11.41130516153729
0.9273244567231778,0.6377000225640163,0.7936963838450027,0.5087557451743008,0.12136245507845689,0.20098037117768575,0.13887687203836574,0.7903730608077492,0.026284026808265692,0.5540214372595951,0.3689111655012207,0.8036617262885865,0.5516469339264275,0.6119483626205209,0.08621548165193271,0.30929071752846216,0.9995950439343869,88.95564440426206,29.67520530958715,14.463900157948114,21.34957107076002,14.543778725871505,8.485449820313828
0.5256956548303001,0.769164550374698,0.8233393995083906,0.07375071291123902,0.9723797315137659,0.6423385893863813,0.4499744956629961,0.680108990649581,0.3445147807026997,0.8779601516504117,0.7802629288383084,0.639793929366663,0.18196313655213736,0.9662646139341068,0.43261828648197487,0.9107122709468873,0.05541285001777707,87.01909550765505,26.541633727075766,15.384151852622885,21.586715196067125,12.368753564556195,11.889518926055064
0.15301546681020062,0.16465707989012413,0.3226607511545556,0.7093321325292459,0.34602308234187307,0.9409040549315347,0.8949259168211244,0.8459337061558656,0.25060530898199906,0.6350570913877459,0.5508414154831397,0.1251702951269027,0.30282460610887607,0.5334780297683805,0.5025731447412627,0.16863590174770682,0.9416069878685959,76.38498987220524,23.411962777965076,11.152599559230868,17.581286009236443,15.546660662646229,9.384092329367492
0.6587328733837543,0.720632768437273,0.6051389078618554,0.842530004113389,0.5636180344312958,0.825236267326632,0.028373487898877614,0.04546180329134197,0.6414537338243601,0.5767712314773791,0.6511299774855999,0.7669590009163111,0.4165867836632462,0.6389911922088705,0.49803806013611607,0.6271640102980843,0.2896716568016058,90.50376440864751,28.23780126849081,15.044429379060912,19.84111126289484,16.212650020566944,10.254472137725184
0.48294481817541945,0.804688154215733,0.6849908411956767,0.2974338714297423,0.07297302550534579,0.059913032934668986,0.439605499920411,0.4842511301073592,0.2040230135633987,0.6066602628206363,0.31258249924693304,0.7183628851124375,0.7341997548045468,0.8607773657543253,0.9753741279148802,0.13076615155238647,0.37054019805029126,82.96438194736591,24.94927424762353,15.632817079510131,20.479926729565413,13.487169357148712,8.291892102021382
0.31911588640315725,0.46647256704063644,0.2674716744541824,0.24791888252554561,0.09681165256057145,0.2902120049699015,0.38414983350160603,0.6153774441639687,0.2482702803811866,0.8653075017207177,0.15969966213016096,0.32743582080119493,0.5776870378935964,0.31271492086227304,0.7631213751386285,0.4982655420599088,0.5147248392314845,75.80102467855461,23.771582873971376,13.265307969284455,17.13977339563346,13.239594412627728,8.387246610242286
0.3085404820544293,0.023176298216351032,0.9452328040692373,0.5054444630237716,0.9666866305524754,0.2151444225262411,0.35289508885635534,0.05054040462789189,0.4948942035251763,0.8823394763682011,0.6542600368896171,0.4705868533681957,0.536690749288927,0.8471723653934679,0.4309277693475405,0.8824557309185929,0.7275080633593919,83.16147255131789,23.51569366559678,10.162234087514458,22.561862432553898,14.527222315118857,11.866746522209901
0.365937352517563,0.4005816210147566,0.5702816438810293,0.19465530188771907,0.5532229266211517,0.07353174974284182,0.5042555291232047,0.7644041147072396,0.279720677623982,0.9890907006207226,0.6803986401188608,0.11881101972358954,0.975082815413784,0.39390371272860714,0.7948972283809458,0.3390852999525653,0.9389485669553754,79.86886008332164,23.806437024661314,12.804071347103296,19.562253151048235,12.973276509438595,10.212891706484607
0.19905788155244997,0.5091225162251821,0.5000779035706439,0.04530335246707473,0.1370363735675204,0.3330407053527672,0.47374415039519,0.45698855928287396,0.6062605224038041,0.5155057321472539,0.32796584763652625,0.613068121064678,0.1625020458769394,0.9906157375611401,0.7393193605736041,0.29923434252831826,0.33637345215167835,76.65238209689167,22.656660226230034,13.563857613576275,19.00062322856515,12.226516762335374,8.54814549427008
0.5323398298758764,0.7087398064354379,0.2997905647374137,0.8157488332438242,0.3683578098657696,0.6738063924730165,0.9798980311791619,0.5837021418487863,0.7967548139301471,0.7253242125518553,0.6880436512027717,0.026647154963833186,0.4745902140850605,0.9670706961720509,0.7829039914314214,0.7761620251720721,0.5776343958641829,85.025489876927,26.671011083704798,14.961178645048065,17.39832451789931,16.07874416621912,9.473431239463078
0.58352327704764,0.17051206174665934,0.6290252411453636,0.6197358055010894,0.8411671249582643,0.14777570830033182,0.6807268950506788,0.03157051334209937,0.9482051707843013,0.10989552133369684,0.018937367506612568,0.3136924834458552,0.15143125811934544,0.6905002609185255,0.41037740932270506,0.774972301807091,0.9205209498972107,84.56555349362974,26.13078418707706,11.193584432226615,20.03220192916291,15.098679027505447,11.364668499833057
0.7358372712686814,0.06228128601443195,0.1380824857852102,0.2073417049712447,0.3250495344260548,0.6622267997143491,0.5254771514000354,0.31375259873781713,0.17318242385732774,0.9121241609240104,0.34232701768184615,0.3542869886448128,0.7719897841487408,0.7209245613272927,0.6433090999994615,0.6933133100298209,0.6100765800787515,76.94489020133209,28.682826312115512,10.435969002101023,16.10465988628168,13.036708524856223,9.30019813770422
0.24651913552736038,0.5580866508074042,0.2248670379928167,0.972910627590569,0.2976145652769079,0.28900413740352493,0.20727779485464026,0.7049882597401967,0.31704074501844803,0.3488031742013066,0.9337003747708006,0.7954053560023335,0.27345753675542306,0.12187410573271507,0.6766222457825457,0.3796941853743825,0.9801605373213622,80.44050880899661,23.043199630080654,13.906606555651829,16.798936303942533,16.864553137952846,9.190458261107631
0.9546088633914613,0.8046158339565703,0.2904526519929356,0.2876303416141399,0.7141412874983953,0.3463635140956165,0.4423761118648354,0.2564439754734821,0.4790792630164832,0.20206800720059648,0.5385779237086528,0.9330239337833077,0.6961713006468226,0.13727295480092294,0.6156770344144923,0.5868304985708152,0.2424580384102868,87.8291325035958,30.238815662105846,15.632310837695993,17.323621215943483,13.4381517080707,10.856565149993582
0.5310414897327992,0.6379445734086376,0.05249110683946279,0.4133013660482586,0.7173580562502436,0.1005449047773479,0.7707660580982791,0.00518144640713003,0.5503525657796167,0.9290996801699778,0.40690745154688346,0.9350320985961516,0.8783996215142282,0.4774485204408965,0.19945597466760168,0.9639140388909357,0.3211677021191667,80.62478046648165,25.511504706882686,14.465612013860463,15.419928854715703,14.066506830241293,10.869432225000974
0.9079369587356224,0.08946072051151632,0.5741333531753733,0.5351522768936047,0.7231176782424233,0.936669379750626,0.9132297256698525,0.1750647754809631,0.8822449731648332,0.17578870753886255,0.919634811850934,0.99717180308851,0.39699457427829965,0.4953838973217578,0.9366087447777628,0.9621313800833424,0.926039697896443,87.49371864911464,30.952708346857477,10.626225043580614,19.593066825402985,14.675761384468023,10.892470712969693
0.009267168480099786,0.5679618686644954,0.10730069077353799,0.9829938883710064,0.28456165235004627,0.9890994700887233,0.5433004835569749,0.49391242034181915,0.9385605017408724,0.8510597385779967,0.4680207690062901,0.19281139827380978,0.11264676102015447,0.16249426253973864,0.45891447103236116,0.2572648802295191,0.18619906912806772,78.43146107405795,22.070870624978443,13.975733080651468,15.858405526188303,16.914969441855032,9.138246609400184
0.7907676644252557,0.5677812224209393,0.7572827502575612,0.17549491383846472,0.8561465042734577,0.8970427617839751,0.8269898252763096,0.5152806589597959,0.0867377698483559,0.6692558534099542,0.18478120104733997,0.14061187563429844,0.3236016700850828,0.248047083667145,0.26078527706544385,0.2355212528015339,0.753756651781457,89.94462295842355,29.701762167820508,13.974468556946576,21.058262002060488,12.877474569192323,11.42458601709383
0.3019458396916147,0.7228825284009974,0.01143573419416799,0.6536833670701987,0.6927685904227389,0.062124331800536114,0.11822484780397258,0.3068063420036198,0.40541661296839726,0.5025204712383896,0.8951183698162541,0.703557035102256,0.3109779483846603,0.11741574584477632,0.9161303858506353,0.2950376001562468,0.614625448143849,78.77311903179017,23.14370706051722,15.060177698806982,15.091485873553344,15.268416835350994,10.771074361690955
0.13356878219680413,0.1531855646891792,0.7477348371508565,0.6057389480890694,0.41584561543122467,0.5492345088183648,0.4708280768793115,0.5375176876932009,0.6640944393396638,0.21841162265732594,0.24746542930857773,0.7547395497248653,0.8731350584877333,0.08187030647327487,0.4467479774964833,0.7037661251558726,0.07810272214744018,79.30874913635307,22.43415683960477,11.072298952824255,20.981878697206852,15.028694740445346,9.663382461724899
0.06175804755668379,0.5476492487109315,0.5054870560925958,0.5727016742278647,0.1498523813824143,0.3281176377422065,0.520341541184787,0.11624002218466423,0.20540148553936155,0.5831476784410176,0.09094164445168784,0.5103753540328345,0.8086920831772372,0.453432300179782,0.5132478432016415,0.45679847571187604,0.05773678093252477,77.53893144891536,21.273815751051252,13.83354474097652,19.043896448740767,14.863508371139323,8.599409525529657
0.8069153525543925,0.7232800798250023,0.3959487099532575,0.8164532259331305,0.7458044828318157,0.5783112650590354,0.04528980272782879,0.34452886656213455,0.0637599121120832,0.9941236604769201,0.9345827988849464,0.0690191461603138,0.9337755625849307,0.031734871023079037,0.40886693581924827,0.7689720625834827,0.7658276829237117,90.47847692490419,29.225776055661996,15.062960558775016,18.16758967962606,16.082266129665655,10.983217931327262
0.6458808180971635,0.42036193888232787,0.9928565985808789,0.38247961885137205,0.8696202853107085,0.9067673115245726,0.3756455338019876,0.6827303541015414,0.6617925381254681,0.5393002639188602,0.653534098418702,0.34776988713915025,0.17847362900411168,0.5372584863980012,0.5288425395440093,0.7278581409061281,0.22269021596626648,88.55555499023362,28.272342804020777,12.942533572176295,22.94285278864703,13.91239809425686,11.478481141242835
0.022735327321966592,0.29836298870298184,0.6734998577765671,0.5444453390250208,0.5319336084967587,0.8233604373757843,0.24751203850377557,0.34615973498762675,0.2756497277951273,0.9374103611350668,0.7250239459089184,0.11284463876647732,0.8094781835391944,0.4192405984917521,0.7660534675139034,0.8837566218453745,0.01564579636354957,78.61273830391723,21.874074147971236,12.088540920920874,20.387998862212537,14.722226695125105,10.127734433987035
0.10089671309250703,0.03357627575428079,0.5977848967315527,0.7032862668649287,0.0486763212437491,0.7405410784798616,0.4022653508109063,0.23433927848756164,0.2172692101775534,0.8637302426700564,0.05644403502446094,0.5038958489409345,0.28926345135391884,0.8157862567633168,0.7315174831160183,0.318903696369192,0.5979176742772624,76.56356281419065,22.490049287884794,10.235033930279965,19.782279173852423,15.516431334324643,8.194705284974997
0.32066511539298315,0.30176443514420326,0.14326043416332868,0.6602124238107432,0.22104274044603256,0.3005009537574196,0.060957637106762164,0.9485202550267213,0.879713890963883,0.9115776656205444,0.62599313764833,0.4272005822945435,0.49562078749302096,0.9722902353436859,0.9415864098319118,0.6713425247457223,0.785804595980518,75.88878957623119,23.80765306144467,12.112351046009422,16.14608347330663,15.301062119053716,8.88417096178413
0.41632463342144466,0.1492176078251637,0.37646018850713203,0.7544160972381253,0.47351882041221993,0.8493409322600405,0.3007364187951478,0.7075767974879722,0.8057761599348869,0.9147411738159055,0.5623859495869091,0.9677861885466267,0.5572867581992731,0.13409275105907803,0.24285851608958575,0.2033367330600544,0.6467058515479447,81.42874093842968,25.861928198734525,11.044523254776145,18.011681508057055,15.772080486190626,9.89407528164888
0.8471333859196118,0.09246399652686366,0.7245847123072019,0.1904816184307383,0.2684615878549812,0.6736719206345785,0.6029220449890759,0.8736204584895396,0.18816329393275533,0.76169641753721,0.7243052398521491,0.5588504762725273,0.4793942064709148,0.8694738515245379,0.3329643108188213,0.9570197605266731,0.015333706228492838,84.16317734458904,29.818677700465276,10.647247975688046,20.796677698457614,12.952408092153691,9.073846351419924
0.962077556114459,0.11731619944333449,0.9995720070178117,0.4789208763423658,0.24259318184574152,0.6044015340787812,0.2045131429778937,0.9151264595935564,0.5520792925478145,0.7755138820637703,0.38066174437292255,0.533650127416263,0.35925955555157574,0.2615616273853526,0.5128165400237735,0.49727729310098334,0.09860823156548004,88.97498210433594,30.82957862930215,10.821213396103342,22.996576056142494,14.39460438171183,8.970372727382966
0.4694904220225584,0.8397311815636849,0.9143304988974891,0.37070492143125844,0.4139301705786246,0.5625247274643543,0.22127409831622524,0.14592271310254856,0.26077410990976957,0.9347582502963535,0.5791429260374005,0.4175780735551736,0.15241141018414328,0.3298652859778599,0.37983977474115416,0.8333627152869851,0.4993014823693225,87.83117715899283,25.819953675154295,15.878118270945794,22.314643991179913,13.853524607156292,9.655720682314499
0.6848466123459062,0.2573267576348828,0.8215919396923563,0.9665082672503437,0.6416944543987072,0.4905955825807824,0.168233645951541,0.7949755143536341,0.16926571086018172,0.7203135307620937,0.4883163212541324,0.9168993896943668,0.5421368553513551,0.6418094631823665,0.05873205158073014,0.03382375716469055,0.8466973831827224,89.49337548585201,27.829657288620627,11.80128730344418,21.572735517538852,16.83254133625172,10.56677781759483
0.6682155433931528,0.7643388435720192,0.4123922224155927,0.8425447168253485,0.2314333920774455,0.7071695637034598,0.009141461690661767,0.5057329196930651,0.3732006926868119,0.617835235876803,0.6667547295533397,0.6165193610843379,0.4832041536218251,0.48785438400307124,0.0066123569921588965,0.5516435609112569,0.011850968127892436,86.94329669178715,28.096494561338446,15.350371905004135,18.29913777932474,16.212723584126742,8.925733568309782
0.274740737197832,0.9774793482325117,0.0171425976024272,0.8131572209139099,0.6740329521192103,0.8061676989474289,0.9097733659987661,0.1070164286944929,0.09631389025140846,0.14889748574025052,0.1919320569916132,0.5264559854002162,0.8152143907132826,0.2673247366766358,0.39689642249807144,0.37305158346368217,0.40602740987388597,83.2311612662625,24.359742769873176,16.84235543762758,15.137140780819418,16.06578610456955,10.696131808476842
0.9902330316397273,0.22585725262742218,0.6840416254703855,0.8478671020315357,0.6537357195591531,0.8582191590211872,0.7595858501768448,0.09350050542710941,0.3792640222398159,0.5527014395296953,0.0561149391289657,0.009450172654130617,0.17138357522104763,0.499858393112792,0.4339096519716623,0.7843763107901112,0.565856627951035,91.24230142171632,31.61876863443965,11.581000768391956,20.472333003763083,16.23933551015768,10.614942878236612
0.09536183547073007,0.528159185641648,0.042551757617045105,0.21141705588454718,0.8681168905816056,0.8875543070344936,0.4755002876452733,0.046561970741743286,0.07434805992565108,0.9255848100809232,0.8993116508650086,0.5635098640479835,0.03290178015347189,0.9287663612546593,0.31448469322665096,0.9614691898760058,0.5870361040844884,76.80031711064709,22.72872696877629,13.697114299491536,15.34041406093636,13.057085279422736,11.472467562326422
0.7127113999493597,0.398296020395122,0.07693749144134587,0.16245025071470587,0.2404721943042868,0.834650560091752,0.3891566073673588,0.8965257670027198,0.33172983962182856,0.7556092645208923,0.1399505942351973,0.9884779579141031,0.7241635700943149,0.5007928516377251,0.9743233274359964,0.0536964319473936,0.43708825284349917,79.65147653999075,28.7964151196771,12.788072142765854,15.615499931530767,12.81225125357353,8.961888777217148
0.34059274647510596,0.7690056533654424,0.9548583969146658,0.3967030493089595,0.7735549161313224,0.029625658945165112,0.2733270286287973,0.9925858784507974,0.49060345611079326,0.3558111977058479,0.9411428449707254,0.4318479462395447,0.6796948580881589,0.6606719075148755,0.08569411763673573,0.6186158902598878,0.7980551738027466,86.99103750794366,23.465178782641388,15.383039573558097,22.638867175317326,13.983515246544798,11.09421966452529
0.08203800967314856,0.15422096386551842,0.7116771547786167,0.6339008819630509,0.7396552889765946,0.31667822868153617,0.10655091771126113,0.005195222370030117,0.30826745513629805,0.3599174973468966,0.2697664432393865,0.1325070044941994,0.18739178352787722,0.44884367702145145,0.5547400006088677,0.4080441750831375,0.0262619040132972,79.06265467979428,21.453736554094558,11.079546747058629,20.693417238228932,15.169504409815254,10.958621155906378
0.09306426045987415,0.5980437977942729,0.32443033057241266,0.3852379173959837,0.291847351296321,0.3877995593783937,0.08469951692852251,0.9011360448564331,0.9052075743133589,0.9781730640138873,0.5719604307495395,0.1695829233923255,0.38073202348874313,0.13884005895941676,0.30113126537506874,0.4931239422107847,0.0632671502769544,76.45092248318544,21.70624172335553,14.18630658455991,17.5954426445793,13.926189586979918,9.167389405185284
0.4211023397725243,0.4842313139339285,0.07692136139515715,0.25169973778890287,0.24659006834700292,0.6250336877688947,0.5938063980390786,0.19554822488026047,0.106972367580902,0.30465799575125696,0.9488234623945652,0.33221721531162696,0.6201921878746893,0.8040764619573825,0.3295417162792602,0.334736223746957,0.8154754700030031,77.42995675849599,25.46109077326303,13.389619197537499,15.615370891161257,13.258498688944513,8.986360273388012
0.9742253765046068,0.1361244715782648,0.32066515537508766,0.9472789220161162,0.2008514887020717,0.31418328119544137,0.9645746230947939,0.9687252217466955,0.2914481515800532,0.69495776767211,0.4910073128921023,0.5758792816249606,0.2424242967805731,0.3760553023241471,0.8164945154329131,0.3929351297394599,0.11388782361199812,84.55631445363196,30.370620327436953,10.952871301047853,17.565321243000703,16.73639461008058,8.803405954808287
0.5922270342503855,0.5456290854508221,0.6817126331300877,0.5500991569974728,0.953004611486296,0.46162222283314847,0.7083670512560635,0.4384549543089086,0.2913312079852953,0.6928352793243427,0.8189655680044585,0.7956568359959544,0.4091415902449015,0.49930321528896027,0.6333360396536636,0.24202116767079884,0.6586629685323181,88.11160646489802,26.84551478817015,13.819403598155755,20.4537010650407,14.750495784987365,11.812018445945185
0.7890767632200629,0.07396513558228845,0.990700614436968,0.4792346997726262,0.40080509732937364,0.506612643029509,0.9203921844782957,0.6917088658981076,0.5436452033874777,0.7907209170492592,0.3595294930162599,0.8955015153608991,0.5369059860245878,0.6381803670108411,0.08498193405098775,0.7689540479200405,0.6576016445807656,86.05676530990903,28.903992918259647,10.517755949076019,22.925604915495743,14.396173498863131,9.603220389317494
0.6469998479834043,0.044296693527849595,0.9836082059519827,0.6774718958641857,0.3996177462250823,0.7526827777296058,0.9657167777138282,0.43045554389018226,0.010547772784579967,0.25873837040365544,0.5106762405250447,0.5187977668493495,0.5805182955240041,0.5752353982704261,0.44577855150490675,0.39113416867750284,0.772342232462432,86.31731691490562,27.975364035293254,10.310076854694946,22.868865647615863,15.387359479320928,9.59847098490033
0.5004657816197345,0.3449673875995183,0.02456265302576932,0.10454935800606169,0.41597542852571256,0.9617278656799704,0.11606933795897467,0.940676158146193,0.1416751768315483,0.31189034389754144,0.4553326352258771,0.2068673262083145,0.48292599877938847,0.4761625312091635,0.4381659382730271,0.6967632655236661,0.31890947421770044,76.32656315545711,26.928113547557285,12.414771713196629,15.196501224206155,12.522746790030308,9.66390171410285
0.8101859369186981,0.11508526669878594,0.8491800080469097,0.6479699172777137,0.677139332890884,0.16435409285070324,0.9839004705882779,0.2439129465519927,0.17445323282413394,0.1601357112153593,0.5598489524898631,0.9584626217339497,0.23185554741141035,0.40504743628025286,0.18445177515139366,0.6404788766600781,0.4321344524292825,86.03639595279206,28.430567554888388,10.805596866891502,21.79344006437528,15.23984958638857,10.708557331563537
0.6141069373719198,0.19732443578224634,0.5922031583603683,0.3888357803557071,0.7047356159597344,0.20578447936732192,0.7523254953604916,0.8087297886312608,0.06256375146916437,0.10175204872714239,0.8719793300098851,0.1869598356320934,0.3259849115988185,0.45755042220618547,0.2623533954523609,0.8626365474573073,0.5277150196277827,82.7128731867623,26.552638332453842,11.381271050475725,19.737625266882947,13.944178901778535,10.818942463838937
0.5969708292829935,0.6113084211390019,0.587004714565218,0.3479246374367544,0.8455178026695592,0.617362679336425,0.8137382542609338,0.70598836094598,0.2974448346993519,0.6144845157129195,0.0847519686230278,0.13394776965071065,0.11786165266165671,0.3053800025354989,0.1830445183314835,0.6934365417164455,0.5108248694871609,86.13780292628208,27.204433651502786,14.279158947973013,19.696037716521744,13.739623187183772,11.382071210678237
0.13786729853455748,0.383709962837687,0.18575369929276564,0.6355016420586352,0.6934329265293553,0.6452600950799504,0.999899552563092,0.5549125758324974,0.48964202619220887,0.14029653509779705,0.3145800146608443,0.45100097074665113,0.05361126263083682,0.3590391721713688,0.009583439563281226,0.1365347146624959,0.8152159406538618,78.72009060495188,22.669193175505473,12.68596973986381,16.486029594342124,15.177508210293176,10.77373170611742
0.5054380197306704,0.49496984786640363,0.6846966705599865,0.4156304352741119,0.8398918021012227,0.48869951193968564,0.08267062578646689,0.030860705643004804,0.7610566185454242,0.2920899095587066,0.274852918273534,0.5376086182048194,0.1682089774365737,0.45732138727344906,0.742518251929787,0.7659195549436907,0.5497261845380513,84.63828289609029,26.031779221186074,13.464788935064826,20.47757336447989,14.07815217637056,11.35956720840489
0.11420665135896879,0.7751130278639955,0.8232828079975666,0.3668617721054209,0.8226109277962613,0.04161052227023332,0.7189802411300433,0.5463532747219646,0.9897757278766832,0.1024164388774983,0.8300707165425397,0.7513454947436722,0.29770893510289365,0.9993126692789077,0.44973234283041374,0.3485769768223138,0.8167285851164385,83.24023359563748,21.225287558130155,15.425791195047967,21.586262463980532,13.834308860527106,11.290443711185045
0.9939576843186171,0.7756316498807736,0.23694605536668123,0.8107027168394102,0.5879238969768106,0.3506308411139897,0.7107539594937995,0.6327706309271385,0.1659816176902592,0.1392349659267761,0.20661965618677336,0.206942720751766,0.05935783363934111,0.35081547895283094,0.281085018790198,0.538768546047638,0.32365361585468166,89.77914521312769,30.64083852541415,15.429421549165415,16.89556844293345,16.053513584197052,10.351695587907242
0.2893332434649436,0.26734306627808013,0.8580168449462576,0.9854883022617942,0.67929931592331,0.09522516381434276,0.962771994993792,0.7856910482912973,0.9187687118298253,0.9924862256446744,0.8670475904337784,0.12688816861381025,0.8660787949911568,0.24967724193813978,0.711394848839169,0.8284818026986326,0.7614735874798569,84.81642686819686,23.083782762278123,11.871401463946562,21.86413475957006,16.92744151130897,10.71719726369324
0.48945872591563777,0.5774255293041615,0.2687171520874859,0.41422508936503766,0.45199172255036435,0.6336277633502977,0.8801250813073235,0.0930947840426174,0.515613472087699,0.2782256878517837,0.9363361140885752,0.369071174075422,0.9502540788653826,0.3272892801609303,0.0024730851419847433,0.7741352904376932,0.732724026539487,81.69451491968674,26.161842785856972,14.04197870512913,17.149737216699886,14.071125446825189,9.807966890201458
0.4584492566797177,0.6641438208318425,0.3582227293409872,0.06333068606017467,0.5344244643875649,0.21782993501520587,0.42964310068523615,0.21185146640773822,0.26853683831442254,0.828343617048808,0.33775515517078736,0.5779336402609515,0.5661421109171403,0.48533790400850507,0.3437396205526192,0.6825519260932059,0.04840926115172295,79.18844178906194,25.02015243682759,14.649006745822899,17.865781834727898,12.316653430300873,10.13769785755026
0.7838897618405682,0.4595817626735669,0.12423717923039845,0.8576515999286138,0.4412859488764266,0.0006759315121042109,0.9580317693039723,0.20231820639739972,0.6885918819115103,0.13191308738401353,0.6499971993406527,0.15897746290581938,0.9327255627259242,0.27401945809528216,0.6545879644187941,0.25038927854910886,0.37184376764676574,83.91222158680814,27.84024948142989,13.217072338714967,15.993897433843188,16.28825799964307,9.765143795505706
0.16552507915934378,0.3963415669322332,0.3055092448442307,0.6994413715245735,0.23414384148441947,0.655485228383535,0.7036980397640442,0.001086303691723689,0.4768067082609141,0.1326997920399866,0.22619086145940603,0.6799827251215791,0.009286947608460161,0.6955971072880487,0.8171090269132985,0.988154909464272,0.4223139337750599,76.88281870138566,22.966221248360508,12.774390968525633,17.444073958753847,15.497206857622867,8.936575365937678
0.0708283054005121,0.3830699256757727,0.730763381763971,0.10242717044950667,0.3133514774409062,0.8809889949802706,0.13712929474354563,0.7734604836506241,0.753157800991068,0.13314623118621216,0.992940155246385,0.14285306683489385,0.530508276546681,0.008474741953009568,0.6500202131578069,0.44009942077985187,0.7224320263643224,78.01955941650081,22.470261043965664,12.68148947973041,20.84610705411177,12.512135852247534,9.253405909763625
0.15137413084428097,0.4117098943596781,0.6865661698757399,0.85996252460215,0.08668803346598852,0.10046511247763878,0.7524456465479524,0.5895739177615131,0.3840319093431207,0.9632487105532641,0.31450366818216935,0.1398301888092337,0.2769676569448454,0.08424871599798667,0.5533966317847301,0.6000078672258529,0.6075930989155233,80.29367421482299,21.71467153339809,12.881969260517746,20.49252935900592,16.29981262301075,8.346752133863955
0.6904760750146538,0.847892104439959,0.6584053700851439,0.3016493335771986,0.5177491277972375,0.5095225661147126,0.7478436409812496,0.2955420512420667,0.05456913101525296,0.8979125603569896,0.9546715113471528,0.49488771994326686,0.11274366260380853,0.49958254127265755,0.5939297681377231,0.5282865009361842,0.9776969478433356,88.67930181889815,27.923805882375962,15.935244731079713,20.267242960681152,13.508246667885993,10.07099651118895
0.9339244016742159,0.13198288073270203,0.8608140039367475,0.5683803887729609,0.3654124628480987,0.6829420490024262,0.7627259378955857,0.9544529839408864,0.7703670492246139,0.016689401770856205,0.06753256927276718,0.2621852771620671,0.03982686193718976,0.06046885958820569,0.7892899989930914,0.506610604274927,0.628570696060576,87.82117003764125,30.70512811474701,10.923880165128914,21.88651203149398,14.841901943864805,9.461649851392394
0.4154319943754019,0.7018106386235163,0.08242781192464588,0.5365648160700154,0.616047055666748,0.2774677357345601,0.3099068856166419,0.5113046982953314,0.20319749395782782,0.8080600809706533,0.5363901728894583,0.3907315029683497,0.6342942473532567,0.8345264691847527,0.6810556847092104,0.06611508362121499,0.6986758816054913,80.88828143886508,24.70925541522314,14.912674470364614,15.659422495397166,14.682824080350077,10.464188222666992
0.8464681151407762,0.05790594402313043,0.08621279839148932,0.4344835886060191,0.45337184229714267,0.6088324044274436,0.3092900638735262,0.7416935090575543,0.7406581802341782,0.11944300690788745,0.7079006071180983,0.7014996112238661,0.16383263093540756,0.9530162017546976,0.5230053627284083,0.7829871015437458,0.720765518093459,79.0972211761599,29.68234596026265,10.405341608161914,15.689702387131915,14.172417943030096,9.813487369188572
0.12693060748112484,0.7811239799369876,0.26876448640924566,0.886414759740656,0.7714302904896246,0.029356251172803494,0.8071078466573698,0.27198059502135374,0.06387198912314807,0.7123232482004954,0.576651674714184,0.07707003128638534,0.4551977776794275,0.3601238955217533,0.49961000576138326,0.5668861282384499,0.3676877778568117,80.97402945072966,21.328018577156854,15.467867859558913,17.150115891273966,16.43207379870328,11.0857211619585
0.1029049150218696,0.5739123051920565,0.7227783733258665,0.22840442315325105,0.5088248849106468,0.04403790726280954,0.8629284949026113,0.24455145035670345,0.47176458957773815,0.3829794743673991,0.15008466824115008,0.9311600771571855,0.8574851977479724,0.5528647884958645,0.913947669521129,0.7406658281065769,0.4193693043627985,78.7376637720486,21.117124964744317,14.017386136344395,20.782226986606933,13.142022115766256,10.035299539642587
0.41625659850131536,0.7202879214281971,0.27125795800981667,0.07788706996691197,0.3728081667378613,0.5020409425595828,0.9019410092582714,0.17934435027230566,0.8043380194587567,0.981413863941495,0.9540794074604276,0.0689264377727451,0.4650941779168861,0.28230687062090243,0.844846504261328,0.3273009217261189,0.5530913953240676,78.27533334810914,25.16664787013232,15.042015449997379,17.170063664078533,12.38943534983456,9.491232666951445
0.20067115345295583,0.5638067408241869,0.30390930726808296,0.6227175238921046,0.4639266905804993,0.5916909349848162,0.49336067585488486,0.7726132629505243,0.1954224238728235,0.9004432972264232,0.7604822203216965,0.24512687437658287,0.006377882751804065,0.4100361095660199,0.23299774185974298,0.3464236977394062,0.8395740068961739,80.29170665869883,23.19009340449919,13.946647185769308,17.431274458144664,15.113587619460523,9.855706762321997
0.9509902621434433,0.0014620405355777466,0.6573038501759978,0.8490059877789218,0.7272150390409725,0.10394901935155965,0.5298144890600125,0.23816759452086567,0.4920288768498976,0.05989507565318963,0.9969592701075485,0.7116524747001027,0.09302663835808822,0.9212744029721064,0.8972874719314592,0.519759218492037,0.7008469096986796,86.88533978850124,29.717800660137556,10.010234283749044,20.258430801407982,16.24502993889461,10.90886015616389
0.9745547901682511,0.08490241751648953,0.09557700533738556,0.13351385025095697,0.819962891894216,0.07483048432987749,0.5678207282892083,0.4349828784349853,0.9642182747327408,0.2367717347418965,0.26099093892361,0.3150089154097583,0.8008168219994952,0.7007256063215421,0.735352868782368,0.3180577192661006,0.2719558718324544,79.35093752609339,29.895208870342266,10.594316922615427,15.764616042699085,12.667569251254784,11.279851567576864
0.2027126262792337,0.7799369824688629,0.5847080358041289,0.1554105513219367,0.1643749806997682,0.46605511243666176,0.40651255190921376,0.5359245490900236,0.9646347222502287,0.20763622561035355,0.3083077182125046,0.2650079269147082,0.11991355635539358,0.1576153770655162,0.6860548429505152,0.8263866879396498,0.6968779832370764,78.61167194700681,22.95923648766566,15.45955887728204,19.677664286433032,12.777052756609683,8.657499922799072
0.8359247509879862,0.32779365888479195,0.09121290379134861,0.24821878946125508,0.3557427555042837,0.5134596753787295,0.6771833769890718,0.2601667927212239,0.9906766204079072,0.031082093358759555,0.40439222644717465,0.4522011694010627,0.7480784472087092,0.24985262822155108,0.46204324887623893,0.8038967534438501,0.13979303927312237,79.0984045188239,29.386166860637324,12.294555612193545,15.729703230330788,13.241093947306275,9.422971022017135
0.830372331894636,0.9825672374836216,0.13071523754397796,0.8236734151883558,0.37223974381599767,0.6302975486038245,0.6446850157085018,0.5823238014140631,0.25882065234652585,0.8127470916136144,0.021800182738612728,0.06447203604690976,0.9024960819332815,0.4434313238359888,0.1287915489970045,0.9050779703801529,0.829356177217418,87.75843681260152,29.56431841615401,16.87797066238535,16.045721900351822,16.11836707594178,9.48895897526399
0.04269631909043081,0.4609949220019407,0.16798920872905643,0.5738841998067228,0.8216854015322838,0.3949986882219194,0.029482293000291482,0.6832129167516828,0.17280721183078918,0.21471610597002666,0.18715111371116167,0.2798545542807238,0.8834237988936261,0.03464944373150591,0.6191765488458958,0.24578477924524544,0.29510516299971645,76.76798570894925,21.21696056734815,13.226964454013585,16.343913669832453,14.869420999033615,11.286741606129135
0.5506886652039805,0.06097906893284277,0.27977598743897136,0.1372360171320648,0.19945780666658663,0.884652516224965,0.5258140582527797,0.6307543888247554,0.8021680827711275,0.7948462443018702,0.9894036157615339,0.781915766845425,0.35911210983756503,0.5445178060340516,0.4846794854405083,0.912677016598367,0.5023932555437417,76.20202692799667,27.27619168448973,10.4268534825299,17.23820789951177,12.686180085660324,8.797831226666347
0.17981587369786922,0.31887756732937955,0.21902018807309453,0.8957647816143137,0.7785382813284745,0.05859123027811852,0.9915313234305708,0.5294322919654316,0.7668421684502729,0.9996057468113461,0.9739798617335022,0.10013433730495758,0.6568644213762342,0.26652700106568306,0.8162851616087348,0.9172594825704405,0.05590865585244975,79.48540680382372,21.91534119753493,12.232142971305656,16.752161504584755,16.47882390807157,11.114153125313898
0.21941158604392486,0.8465050904651331,0.7973906873794088,0.35480463456515987,0.8392222523059093,0.8452209023662808,0.17610036757999004,0.5925195091814127,0.8062102253593884,0.69762656359958,0.9139800041285343,0.02820656972715907,0.7005608033514182,0.9475587350700152,0.5636064867831937,0.5631088908640184,0.18823366490525628,87.29614340032172,23.88455766517181,15.925535633255933,21.37912549903527,13.7740231728258,11.356889009223638
0.8816263598977603,0.4922267238954052,0.3090530721512196,0.49043642012747923,0.09025737685090285,0.23262335808323908,0.21880894169157727,0.5264485141485109,0.0006834963838308061,0.9178961859206465,0.20146438335214112,0.13048954561918258,0.7169376326908161,0.918780787307206,0.8442840864376507,0.3235888113048372,0.02191289624357229,83.1859519178451,29.281510315144082,13.445587067267837,17.472424577209758,14.452182100637396,8.361029507403611
0.9172241474811186,0.774366498819892,0.8464808875791346,0.8606694665915507,0.9605587502757579,0.3735907800833732,0.9419232134680416,0.3955955623538543,0.10103217018068633,0.3017651537254691,0.13645166885749005,0.15750388601684584,0.9486935320263234,0.7918425249998717,0.9606621003687382,0.649180265644814,0.17420267095553066,96.19490375407737,29.919423034977935,15.420565491739243,21.771847100633078,16.303347332957753,11.842235001103031
0.693560398292543,0.9288452089854253,0.7869917925955768,0.22323721398064245,0.5889501557831036,0.1753516299902208,0.306823229297958,0.6884984395989572,0.1273483647235355,0.728830955935999,0.9487881042212877,0.9486981598499029,0.39160142727760194,0.9942831305476306,0.965183940287551,0.03238274292708743,0.6023886674509712,89.39822117244026,27.28630724290587,16.501916462897977,21.295934340764614,13.116186069903213,10.355800623132414
0.9675316856159355,0.22089525043701208,0.5655502461203205,0.9366877935542542,0.14064336814856837,0.7453433281019824,0.23799592514939694,0.9823796549403568,0.16788741675158414,0.8853202533951373,0.08872601257012636,0.7089658131452244,0.639102687904879,0.8866535152178218,0.44662993409779383,0.2652124405628762,0.2495408631352788,86.61827423487898,31.16600351236332,11.546266753059085,19.524401968962565,16.68343896777127,8.562573472594273
0.2566579415427148,0.10803460121462927,0.001281157494689933,0.3859370979534099,0.7325844944987686,0.9691018251056852,0.8845519975872275,0.4930819934738476,0.378712574774259,0.5460239676784543,0.10142855963712161,0.4794892503971605,0.8640507204685769,0.6509695631134773,0.6871604042171144,0.16265651174848839,0.07370938956137418,75.8228229699097,24.50478306563852,10.756242208502405,15.010249259957519,13.92968548976705,10.930337977995075
0.29490861311613015,0.3187169079566575,0.9516621314341206,0.07420040176665932,0.1701052031511907,0.37545788407999636,0.7319850852713169,0.5470462586122314,0.8981241731199735,0.09310468538068661,0.5940305440520949,0.6136447257788938,0.4827367864884782,0.030993204052174983,0.9424422581019638,0.1649971947619141,0.8897532704040436,78.90994768259048,23.700001899321293,12.231018355696602,22.613297051472966,12.371002008833297,8.680420812604762
0.10125781097333564,0.20555047671793714,0.18998425758838544,0.6971967038073571,0.7220381045756756,0.7299740056702899,0.26526476934997656,0.2815230734452653,0.23754828494724567,0.04963544303850986,0.5717698078577416,0.839854504845651,0.1535899345167342,0.36082892122727306,0.4276059574457135,0.2945494489662148,0.6620202260098677,77.0058205121736,22.472526121073937,11.43885333702556,16.51987406070708,15.485983519036786,10.888152418302703
0.19967480076094635,0.025735692731685744,0.17083219169222308,0.2918114660461075,0.08193609471299235,0.8437690743469366,0.3083534001177294,0.39746734850812293,0.48909681212065725,0.6610400547460049,0.09113687755067923,0.5441260292196803,0.18488122054204725,0.8854926927495389,0.36940166493194504,0.4457752707944581,0.26329596668288424,71.94801116035472,23.684286156303337,10.1801498491218,16.366657533537783,13.459057330230538,8.32774437885197
0.2262422802826669,0.2685619932729496,0.06163936966009931,0.7522351421152871,0.6674684591345684,0.08570731183991709,0.3437913865460467,0.5414490060060221,0.9707055371735758,0.5897264423036035,0.5536019061579088,0.8407971664302505,0.8184052148653735,0.41863207493445054,0.5355144119789297,0.8668940137055623,0.47482438812191996,77.0012436226479,22.433837426506503,11.879933952910648,15.493114957280795,15.761175710576435,10.669873836538274
0.4762622810814686,0.07895504977408319,0.9027772013391541,0.7143056991303599,0.5021014703156048,0.9004550614715918,0.8004503367206857,0.6775348855760303,0.620273114349303,0.12028187475543328,0.7571887556391934,0.17287897280649445,0.9843679902491329,0.9721648783377569,0.8084607213193631,0.12618599863853974,0.42337489931559946,85.89493014247773,26.56353293375787,10.552685348418581,22.222217610713233,15.5715284956518,10.00840588126242
0.43539324553250724,0.9972692267787756,0.6272262122323978,0.8341081186760042,0.25788635998777654,0.9108044857315942,0.9141739368985866,0.0670119530486124,0.38809915301475073,0.3973549943570359,0.32612680536973604,0.2762008199072493,0.45815718112261516,0.8734662533727571,0.7865506388277718,0.6230579285888082,0.5225620104498092,88.21550941388047,26.17554142678826,16.980884587451428,20.01780969785918,16.17054059338002,9.031545439951106
0.4144423987689787,0.1481997412934446,0.587934133281388,0.758377387857673,0.9396499849871098,0.9249281667592735,0.5626837594773225,0.10099044282544867,0.2860928540488724,0.5356334811459167,0.34386917857746446,0.41089003729922047,0.38304347287705287,0.48558479228633067,0.6089621519524352,0.03746567049771343,0.2754141420347538,83.5733437970037,25.994280321208336,11.037398189054112,19.703473066251103,15.791886939288364,11.75859993994844
0.608655264085627,0.693661253167092,0.038782532481795085,0.8895742139142575,0.3314940757342707,0.23757929391630717,0.7457498198391361,0.9208349829061653,0.8970313621494226,0.02023288859327188,0.8173859253052775,0.30305495344809663,0.2803466531846416,0.491619213359317,0.6961828446749748,0.09821739027274123,0.8689000250991986,81.77021867515815,26.561711228688882,14.855628772169645,15.31026025985436,16.44787106957129,9.325976302937082
0.9742194246033105,0.44311061333142887,0.8258233317797505,0.26941998100876363,0.41677272770538276,0.6455548114276443,0.18793569089261142,0.2113905021058976,0.8239694342551407,0.740944798920008,0.7594932952262566,0.8671889705502257,0.8210173923984603,0.5152697026095568,0.15897244263900046,0.31112309328890886,0.5067952752365554,88.02715527434587,31.033303868888392,13.101774293320002,21.606586654238004,13.347099905043818,9.667090910821532
0.8512953409871922,0.879332591359856,0.028948159320185685,0.19276344683155822,0.8329299330765513,0.836976677608695,0.24949026132427932,0.45644866712808063,0.9180310693411162,0.7046339452200365,0.2739774984743589,0.8235062916891162,0.5051263749371638,0.635409809075844,0.12387285889069999,0.030563192381993565,0.3724667615353072,86.05744433253808,30.18690676508931,16.155328139518993,15.231585274561485,12.96381723415779,11.331719732306205
0.17758369416386166,0.8704807719184628,0.5868802484224268,0.34975990164465454,0.16351361451785085,0.8944919203121954,0.7489611344849333,0.6888505376159543,0.28506937643476193,0.3865656707409847,0.1629074055986205,0.5722580610203007,0.9649176092022551,0.8571111874383023,0.647379891761482,0.6776952460909708,0.2690835792689571,81.57509653235742,23.564820782263006,16.09336540342924,19.695041987379415,13.748799508223273,8.654054458071403
0.020052357499524387,0.7803036642606433,0.7675727284118513,0.008897986070045771,0.9115154380523718,0.6473715541750241,0.6011419504945338,0.008463727114871311,0.2523904413606515,0.8050855691954864,0.3054596983845568,0.9670244433683767,0.642740311290164,0.42380680065961907,0.37647545227100077,0.3487091992720813,0.25199870927787604,81.72192187401875,21.495266683345292,15.462125649824504,21.14058182729481,12.04448993035023,11.646061752209487
0.6771961563873133,0.8243108214706636,0.3971525399721202,0.10231210296860016,0.5115137174683018,0.6623554525262523,0.8432839500857772,0.3742297631610715,0.6473421200645904,0.6090501046380168,0.29847592625329744,0.10810453058584346,0.06383705389710992,0.9883609658217671,0.6405947456146558,0.8614916002518306,0.26114690792649686,85.02387147485703,28.09667246892564,15.770175750294644,18.17722031977696,12.511560514843001,10.046054869873206
0.8923737976809327,0.29879111191898644,0.14992929635415653,0.7654743883036231,0.8996870447454949,0.8054298226335298,0.8023637444528116,0.6000333011455716,0.660530323681129,0.6807557503873818,0.7212831975926106,0.6554005704624416,0.9974690995782959,0.2594262727119889,0.4185656860813416,0.38827492100545835,0.03531900482642425,86.66782781559438,30.534597622076387,12.091537783432905,16.199434370833252,15.827371941518116,11.59874817898198
0.5720424340368412,0.1899151604113507,0.7265498765809035,0.2223631939762689,0.5346351015442131,0.784897055296117,0.9065265055050548,0.6718684759624088,0.5073148556068153,0.8454192442445952,0.8406386945964,0.8764947843421105,0.18113585780400077,0.09760306381270933,0.12794413969605334,0.2586518505602079,0.8083438691424701,83.20821639918412,27.290218450960644,11.329406122879455,20.812399012647226,13.111815969881345,10.138540406176853
0.18306835701259505,0.6797123692899283,0.33563246320511875,0.0892998220194392,0.3552833961198324,0.744209929342808,0.30708527133220853,0.7880904368075993,0.33131713697077647,0.2605592354057036,0.29405112165034275,0.8512138882114102,0.4705365676706802,0.8663933696925397,0.5835746197425805,0.944300984000077,0.07121573740407583,78.40863453699932,23.319103428811566,14.757986585029498,17.68505970564095,12.446499110097196,9.42113358447933
0.5004773744927044,0.86749775469823,0.3816692198055871,0.29835575381746327,0.05406197064257512,0.8542397704033438,0.13736525917312392,0.2002965907951435,0.40919184675210407,0.5694035879734539,0.9066209345061276,0.45757143306154124,0.3163834576487089,0.715668456110036,0.7789411774338145,0.48758084574810745,0.6310327722626952,81.90076651185056,26.71325328573373,16.072484282887608,18.053353758444697,13.491778769087317,8.2162478825703
0.634498969152671,0.004713501423993849,0.2735278622014996,0.7611932812149992,0.16860575658290766,0.7644837361457579,0.4895770906300164,0.7635691671054993,0.0880413437590446,0.6144797387250618,0.6334875407025942,0.4033934803979504,0.9653278401300331,0.38331642005346067,0.037725318474937986,0.19941425122811696,0.373101405427371,78.60371824125406,27.873957163818226,10.032994509967956,17.188222897611997,15.805966406074996,8.674423026331631
0.32221313384806904,0.833228666566564,0.19057670994040454,0.6767481416771101,0.6266869286716226,0.24882312287588193,0.6935247471703971,0.3443497740633209,0.12893080042830274,0.3835504763076937,0.5886706881680719,0.16702018726830936,0.8238438296744104,0.29820225349413876,0.2908277918094866,0.7278319114468128,0.5963699186155024,81.64315065520954,23.719777584232453,15.832600665965948,16.524613679523235,15.38374070838555,10.50674771468649
0.8879740438370417,0.9954724098279284,0.34273283925755993,0.9013837761445245,0.3592508863666324,0.18842603389086943,0.9480843537069427,0.9182054088414334,0.4033916445011253,0.2284182848358255,0.7271688281363213,0.13120577641718256,0.7340766193115209,0.5896928347992416,0.16898474189014712,0.3665914513998485,0.6505403801212247,88.98541137058248,29.25659250615216,16.968306868795498,17.74186271406048,16.506918880722623,9.43700354546653
0.8765441375994762,0.2557891739252929,0.5347334341938405,0.048586961581737254,0.9946802336570648,0.6619699158378947,0.6535676184007526,0.019741766514145165,0.6897497483774261,0.41677556517954384,0.3802537629276146,0.5472823847289255,0.4743963383277372,0.15312709812443637,0.6951920292209091,0.6303113401629369,0.3011164547567923,85.70275779341672,30.089381207670552,11.79052421747705,19.277867473550724,12.242934807908686,11.97872093462826
0.6624829658888968,0.2699771495371891,0.6056343369240041,0.13716352297980894,0.8306527204708898,0.10491423690009694,0.7187662245161679,0.11773456843723928,0.11401255268424793,0.10626370830639498,0.1986466617062822,0.1997493861463585,0.26299391561373187,0.5231461075925806,0.20167318998218942,0.7034367502462583,0.29535120100061296,81.65681278688125,26.83465813268916,11.889840046760323,19.845074695392032,12.685817614899044,11.32261088188356
0.49635471336809267,0.207693984271615,0.9331243446518774,0.3306036161967014,0.0027379990573926927,0.6716331324652048,0.9068800442697921,0.8352321652632412,0.66902193050164,0.1491444926667661,0.09008267357592448,0.5117053469646589,0.7235636168984789,0.10129047859295737,0.2558921027506649,0.23116028649174591,0.9886659307576041,81.48168048036162,26.306813398611336,11.453857889901306,22.46499475721502,13.653018080983507,8.01095199622957
0.4642773572361484,0.09980891505761746,0.1747018089453909,0.03944451996869358,0.29056717723767944,0.8015961026904473,0.31270710696276427,0.7385401957921762,0.09499847033058029,0.7582040048412383,0.045889087093415215,0.8519987250744882,0.663355027490844,0.17051227635637534,0.3575274042377443,0.43771451678193474,0.6218070333325072,75.45868503829796,26.24596577774238,10.698662405403322,16.397614471563127,12.197222599843467,9.162268708950718
0.0929513154374223,0.8149642895364964,0.18286942030364273,0.4007775142807529,0.962309930149754,0.27183309075019013,0.38571548975931425,0.850671578036584,0.7998990969489501,0.6488464838722637,0.7969095570354069,0.11305655637764611,0.6961698735237949,0.058646395665177375,0.9424669879999,0.1593953974821649,0.41602771663089655,79.67551262304268,21.473179335874605,15.704750026755475,16.462955362429142,14.003887571403764,11.849239720599016
0.8022647840450959,0.6783931362492055,0.1812605605373021,0.3797507791158876,0.3585989148270966,0.02881622957122154,0.6844641333814728,0.8385364765471117,0.9734445802253693,0.13065532954841586,0.9203979856381027,0.11293747937376741,0.41128426373517424,0.04597232537967,0.26161286722848986,0.3142379448738709,0.7045681764806231,82.9681241345644,28.0802802995934,14.748751953744438,16.450084484298415,13.898753895579437,9.434395659308386
0.7675287182899103,0.5766490081233795,0.5650122256873914,0.9778955575507985,0.6698443582143154,0.3383006417684232,0.523103175224674,0.7005801842975543,0.09524213845169471,0.661713262845963,0.2485769948507076,0.34574948745750367,0.6762955683574412,0.3848766174067143,0.8390330212297873,0.5583442367021879,0.9877916247614772,88.58651677986535,28.351888466435952,14.036543056863657,19.52009780549913,16.889477787753993,10.679377432857262
0.6433987165568129,0.15692737330174122,0.8488455747760008,0.8518711514460662,0.8694156346127679,0.07486524247698478,0.49164796114440124,0.24089181669723114,0.9701450487834001,0.05035071452654394,0.22270652316879902,0.6433173148232518,0.40327699346172285,0.23499999999128718,0.4590945947482352,0.8012612877267221,0.44809858566537386,87.92317060587973,26.5837176505221,11.098491613112188,21.790764598208007,16.25935575723033,11.47766253845107
0.447068119913798,0.11870685205363285,0.497373348066501,0.6533730031383718,0.10264332148015243,0.41233854767554945,0.5571310114048331,0.00016971547833644074,0.09089554691153223,0.6042032760617975,0.6190661537463823,0.30459795810364854,0.5083377403194649,0.20685124884989836,0.6714743707791561,0.9503551299933657,0.363342477569811,77.89128177162011,25.295358294489077,10.83094796437543,18.978986784532008,15.26686501569186,8.41057328592061
0.2229181143963146,0.45445998260358433,0.5601508451060682,0.6197579696770843,0.4731336810935889,0.6571672064311396,0.7159135002831553,0.11402335835573829,0.7593199510791171,0.22174710782019003,0.3413571145768387,0.8298838856344012,0.96443368345434,0.2919835638082815,0.5219850866041359,0.7020960532599854,0.04577810985503428,80.52557750406962,23.543515556825426,13.18121987822509,19.481206760848544,15.098789848385422,9.892534724374356
0.14044918732224887,0.7168561126478827,0.7215590954513159,0.106961505519519,0.6108517661386837,0.18754340053160334,0.9302162591531453,0.39289648991517345,0.4570460082929889,0.7814204036487546,0.716787914469343,0.107765747287492,0.41447034512833025,0.9266265305373107,0.837466237486465,0.5888111078979014,0.7721451736372288,80.44926801250166,21.7795786742857,15.017992788535178,20.772472763610526,12.534807527597595,10.443407064554735
0.6584566950002027,0.956190321625751,0.13463601443063278,0.49882864210261124,0.5303643475190842,0.04857160563190521,0.9353082808316526,0.8388161106789165,0.48293196353592627,0.5083328990718833,0.9211623140438011,0.17720243850214557,0.5785543857041766,0.7304946617427778,0.1283817820515778,0.387405579220666,0.6005460218054113,84.83312285579791,26.681710161265837,16.693332251380255,16.07708811544506,14.494143210513055,10.121457390076337
0.5041101193531644,0.3846626387437041,0.979500760205043,0.9159102416970992,0.7623746562617927,0.27359587995611123,0.9635935376797526,0.9704916499121006,0.45284570608136676,0.1333718310160935,0.4127454728076193,0.7000142848971251,0.7484268658779161,0.29891313495542426,0.701494310407385,0.860707546129158,0.7118743563951451,89.61701149474787,25.58829295344387,12.692638471205928,22.836006081640342,16.579551208485498,11.049498625047171
0.6325832845072639,0.20088908232534441,0.6241675892053882,0.29057949547925066,0.3452935808985811,0.672373713051317,0.9813354962348673,0.6500863878069779,0.9583264528051965,0.5038934390432497,0.6943119737273263,0.3223813974138552,0.11540525228362541,0.3522378024628774,0.4803699223906268,0.5706381942530993,0.6671572380522164,81.73917222833742,27.670580271175275,11.40622357627741,19.993340713643107,13.452897477396252,9.381174323594324
0.7478687233765869,0.8413893024169117,0.2859279802253636,0.8473010914205489,0.808304779326696,0.5227299862092023,0.02527214125447208,0.14532671163279554,0.6702541787669418,0.1999024172647168,0.7501850186700537,0.16093539434323,0.28661554815910995,0.250561007458183,0.8393818144651712,0.69059485036401,0.295140565961606,89.67820863540543,28.524147206184274,15.889725116918381,17.28742384180291,16.236505457102744,11.233219117306785
0.03230638324232715,0.8140262175544687,0.1024800063379766,0.8680353736544103,0.73949248017285,0.8648414852046026,0.7424127358728605,0.5612705527908106,0.2375954725662045,0.7843071728708866,0.7988217524895704,0.28763865450722026,0.6644935685916236,0.9264848111687796,0.3875546486419903,0.9567019700118268,0.9758227220561263,80.4942251271703,22.052746802832477,15.69818352288128,15.819840050703814,16.340176868272053,10.9579699206914
0.5521245975330635,0.012965237674638308,0.2513411283723057,0.620561695611849,0.7809248928758854,0.8701180923213351,0.8299834819551445,0.9114863770737386,0.7046290688927878,0.6476323855500006,0.7551077052085499,0.5466151367012413,0.6033869772886415,0.7761467451223322,0.9642898231260307,0.29417772180449153,0.17742589848826318,80.95479360364007,27.261482159973305,10.090756663722468,17.010729026978446,15.102808478059245,11.123699571503542
0.18697658153232366,0.17379513185530515,0.5138468527745739,0.3771982270526456,0.42850781440073427,0.5565986205953329,0.13006653011537228,0.5839860576839312,0.255016148132422,0.3305627887422691,0.7096892963163141,0.15480569779828623,0.15370338356962976,0.32263002989351997,0.05085544119522678,0.9323818655711908,0.61560867609933,77.23410661649368,22.982963056513903,11.216565922987137,19.11077482219659,13.885991135263229,9.714031257602937
0.4905509411536766,0.57267699055493,0.35808558816373937,0.7840314485705014,0.3178590053721895,0.21996201542755744,0.18386909753535896,0.06817646910442587,0.5051403504563159,0.4159312437704217,0.5370359525339087,0.09194555393906645,0.22119808110145278,0.21335381018619592,0.3318835149039815,0.3607978246627327,0.21844528578451472,82.9157617250366,25.34543344239188,14.00873893388451,17.864684705309916,15.920157242852508,9.271436021488757
0.5304988956068246,0.9966310826043387,0.8236884009252022,0.9811331976152965,0.008803696295037411,0.6689384679943866,0.44566724628469245,0.9044964584876921,0.6137010970607943,0.621131697623634,0.9588968160739335,0.682551360768528,0.32093701050708145,0.9159324302986754,0.9449876704318376,0.3858759347840439,0.5402373129425615,89.71532943950444,26.64286589205702,16.97641757823037,21.589507207401617,16.905665988076482,8.03521478518015
0.9113359266286181,0.8221090642399662,0.37495804216197914,0.8028167375082939,0.445556897571718,0.043851660910501744,0.8982816089058533,0.1925123879336771,0.5138947001274335,0.948211819648418,0.16739480921349492,0.9562762064733991,0.537974830964251,0.007330586216845125,0.06547182210371993,0.6703351261430567,0.7735822663692766,89.48170336433638,29.201062588107185,15.754763449679764,17.999664337295833,16.01408368754147,9.782227590286872
0.42420945194114057,0.10392680917367014,0.5377542140241612,0.7027428662675412,0.9762239213390278,0.7752067404630613,0.6465611593183453,0.9397511115083135,0.7468908256742621,0.15375457721764552,0.45922523526004166,0.3317153754672878,0.0875208979341986,0.054268070891441034,0.7942147869758903,0.5580842053178108,0.5749622942627916,82.69593066332364,25.792508000337527,10.72748766421569,19.30203371219329,15.513714331337706,11.904895685356111
0.25864795899117565,0.38803260364477077,0.6302172646257879,0.4330250346392709,0.016890968304141274,0.6732987323277128,0.5348343700610021,0.6414227464816397,0.6183493589106022,0.7559605966951775,0.5856080133133892,0.7008820313830021,0.07258944479897711,0.9280477501663338,0.10613554186997254,0.78689189766257,0.3013507098448711,78.09674288637538,23.933077054567182,12.716228225513396,20.041738117006304,14.165125173196355,8.067563873216566
0.7652742410204625,0.437676149468225,0.39511325822861765,0.6607231649072405,0.47398767736795144,0.5334677638103494,0.1363814603295468,0.3909925654289903,0.7974846128334658,0.5457244686408226,0.9601342650804345,0.14407553745848312,0.6772890455050625,0.9141689163846178,0.7950171222324592,0.7293245766158447,0.373130514900324,86.04281379100087,28.719677937825324,13.063733046277575,18.16090606582894,15.303615824536202,9.895950709471805
0.5535241877642789,0.5550697456402619,0.12323515893349901,0.005029839074005116,0.5966548874533303,0.537152048554461,0.9469793892288718,0.3046911523495084,0.7482965867327934,0.9035463759745459,0.3438516498486469,0.41265449602624793,0.6459315035600874,0.512552694547587,0.16095435756439502,0.22078796935740796,0.8347483668680621,78.28133664157752,26.60954597475171,13.885488219481832,15.985881271467992,12.025149195370025,10.386619549813322
0.18135798477365006,0.7996600536055314,0.8522511277674757,0.8513877224254742,0.9323698654031486,0.9943130504254334,0.4612652036895939,0.5496646096791667,0.29065266752008534,0.06736275740480135,0.09820240138037195,0.7255892573341403,0.48719041013374853,0.3308509316827234,0.12821514659595157,0.6554729806969527,0.1000450572754229,89.44328497401452,23.802205948587368,15.59762037523872,21.818009022139805,16.25693861212737,11.729479461612595
0.9001185908429218,0.3177859372337254,0.450645978214935,0.6163424302594531,0.30567548940672074,0.5841699328451972,0.5655520079051098,0.36449343567862924,0.3163331594963291,0.4283073929595911,0.004831882664671383,0.24617513854548412,0.22152570420651974,0.7398162159386168,0.43612406608968846,0.8401100587806553,0.13430583238288885,85.76955486090215,30.169525774119613,12.224501560636078,18.60516782571948,15.081712151297266,9.222701957626883
0.8778858295079616,0.46284837607561025,0.35874160211359674,0.3054717964453353,0.5516718261601972,0.17577016089522535,0.6066276660708613,0.8417929953382606,0.8587136553707992,0.1400016687161999,0.5386180370780224,0.2632346505935833,0.8863358320788955,0.07646237855721538,0.07539995679337663,0.018630294871235353,0.5071783112855739,83.0367048151922,29.130398616870067,13.239938632529272,17.869932816908772,13.527358982226676,10.206687304640788
0.5818904904939293,0.40513446755111404,0.590036311840718,0.9063035773981832,0.5515939985261583,0.5434693239181185,0.9987281750118517,0.4721039507829259,0.7751972388374282,0.3658186301030095,0.22330664762435504,0.7721448435604628,0.733226827212901,0.2909991602143739,0.4647011421704528,0.5104119933437855,0.39678515764970745,86.20430374078748,26.905843552775533,12.835941272857799,19.720290494725745,16.531517886990915,10.206375994104633
0.6626784893786967,0.8479818401038666,0.8065400569278984,0.6140359765601281,0.16584355203215828,0.5141366805163822,0.4462204438390017,0.17914518390862078,0.9487118316129783,0.6594133069529767,0.967735559837513,0.7359198088348244,0.48350341572743094,0.35879553884580595,0.21881911725902836,0.48764214837364783,0.0628611614134692,88.5156760527942,27.655058254819732,15.935872880727066,21.452320455423187,15.070179882800641,8.663374208128634
0.04280844083864688,0.20677407471750098,0.9077260925729607,0.3612513645596288,0.46967422901020894,0.45464344979488835,0.046437457501178114,0.9805897820631023,0.3240711100639776,0.7037362528476223,0.5213729041335506,0.8296471556536503,0.8348722662173934,0.2633160693841534,0.5443500620883714,0.17384981644645003,0.6536753131338843,78.46214586640352,21.337371307976245,11.447418523022506,22.261808740583685,13.806256822798144,9.878696916040836
0.6533365465568498,0.8354690676766445,0.5166628975539387,0.37632878104354517,0.9072424264468196,0.5163717821675703,0.3528980077597257,0.8677194218712473,0.4868615626741756,0.48211008971312597,0.6042109802856869,0.5018369844707418,0.13896830707712993,0.16560582242899213,0.07708822574124685,0.6434770023883097,0.21151710413575475,87.4321206466942,27.56610902990364,15.848283473736512,19.13330318043151,13.881643905217725,11.628969705787279
0.36222294421509105,0.7173027084540954,0.11833022282354266,0.23034633259932458,0.81117262937296,0.720255658874949,0.48151664938948613,0.4788146427200821,0.21070395105176343,0.16124625986262575,0.8333649963952542,0.02244603815429136,0.043144331335165376,0.5734865113522682,0.161129140367538,0.629540424888155,0.03919086523948356,80.57146228061721,25.06274075990081,15.021118959178668,15.94664178258834,13.151731662996623,11.24469051749184
0.05591200416044417,0.2582596460167085,0.1800375395762971,0.9582383364845537,0.5993575227949297,0.5636047023357652,0.01862003563723691,0.7195472995040887,0.6617450626291581,0.28345462640564045,0.08574850273574453,0.44920336161945673,0.9927758237079788,0.8673023989920944,0.17056678398969627,0.8303635747042808,0.6008387144112001,77.7123011991267,21.68632944627597,11.80781752211696,16.440300316610376,16.79119168242277,10.397430091179718
0.8204531801304974,0.18188415187009965,0.6596487500578531,0.2645206985452897,0.7241867980777559,0.34267127456033186,0.45347014514009176,0.5905959909323073,0.22981378717877976,0.38546188274184756,0.1085701139015155,0.20234854908817512,0.8595916920106055,0.5043595260707127,0.4197950126716061,0.14956119362645603,0.09629857672320441,84.61134246999559,28.889874350425636,11.273189063090697,20.277190000462824,13.322603492726449,10.896747192311024
0.6147481694803669,0.03903656361812824,0.7838682348387684,0.5033292081384595,0.11751640657477047,0.4822409351124809,0.13032884077716433,0.6034746508247105,0.8275217786520734,0.8969689528475316,0.7748704230678033,0.6492317351065339,0.5220442296615542,0.3703774502487801,0.043438283336481476,0.5298165189397056,0.22948625637905018,82.24747744807269,27.11196356502863,10.273255945326898,21.270945878710148,14.516646040692297,8.470065626299082
0.7895555851509546,0.3812364961990551,0.5890480861412065,0.741394042282245,0.7615392270474919,0.6967076031574667,0.0977169083467826,0.13388310562460137,0.47714123700454003,0.23251289062265568,0.8590532473014114,0.28326666800895584,0.8767663131932245,0.4086467046872152,0.18902101371787072,0.7091488372061079,0.7894224823051249,88.5791126315496,29.28897105782448,12.668655473393386,19.712384689129653,15.706970211411225,11.046156908189968
0.11782860398115103,0.007194052450581467,0.6545461208031974,0.6877667367777761,0.31590171462927064,0.3622697897745908,0.1547785805618136,0.6515759347779317,0.25363272623198396,0.8549769262679285,0.42356154743336316,0.3656440944364717,0.27556054287998877,0.6806057050634484,0.7549719006098334,0.4132281582959364,0.7837884169635375,76.85692900936006,21.90282561936069,10.05035836715407,20.23636896642558,15.43883368388888,9.263606858517083
0.370212968879147,0.5549113562983286,0.2537776454426963,0.30665308667459446,0.34435630421485364,0.7054946079710852,0.7357824306046107,0.8549989228235969,0.659282849126203,0.7478141950798877,0.4465948774152193,0.6993114422950534,0.16179511770813626,0.21445814153808007,0.40056090642572284,0.3384378463093469,0.550576214596818,79.33252503004482,25.11311890473364,13.8843794940883,17.03022116354157,13.533265433372971,9.377425216859415
0.7067899335328698,0.16073800913321723,0.9645702513745175,0.005290633472571971,0.09108858423870403,0.14532843583575372,0.9258617877978491,0.435377434552764,0.06408045636931059,0.221770244619512,0.08003973669580267,0.03775533828507893,0.384326010426022,0.9844481006312732,0.6139655907167139,0.5210055432205589,0.7116058317089812,81.78603691387472,27.358556207000206,11.125166063932522,22.71656201099614,12.02645316736286,8.364354336954817
0.9457158578456077,0.8202287344282204,0.640291314530137,0.43897204854123584,0.2017072428060146,0.6568842227068429,0.8039099091153836,0.2860065117086954,0.033609351396258424,0.5995149128924895,0.5158136315528283,0.2316709728180616,0.16948289181310217,0.03606113314434878,0.23925662528737723,0.00028727185462340543,0.15744476085039083,90.63018218269305,30.770927023869763,15.741601140997542,20.122330516241096,14.194860242706179,8.806828971224059
0.7796728789764172,0.353127663356528,0.3951431170512062,0.5860801652096985,0.5177427009892949,0.736925540146395,0.06861717193705896,0.0901658575951505,0.2844937870363794,0.8297648024492998,0.915008973948154,0.34809524824824245,0.9632876650654888,0.2765078486971222,0.6063634079922522,0.19452519308596106,0.9297138408121203,85.0548035234596,29.270579870056963,12.471893643495696,18.16114493640965,14.930400826048492,10.070970803957179
0.2611075056719391,0.40713462610720164,0.10646495639257658,0.07238597052670392,0.29425182446812004,0.9470154651776626,0.8029422425723574,0.9567093495852752,0.876113046243067,0.8131473496063742,0.574893878773909,0.6941918614713001,0.9660554556331059,0.5631686038049302,0.7699671927338335,0.7574732850466724,0.9612387253016144,74.66340203013999,24.505105987074714,12.849942382750411,15.851719651140613,12.36192985263352,9.17700729787248
0.4607204414645122,0.5868265171499795,0.027350697532073864,0.1162683014409226,0.06755426066125358,0.6336617975581885,0.9941980333654755,0.6769129760650999,0.22993013858915412,0.3157306940289286,0.9554456871233602,0.5165042172048383,0.009723191714424928,0.8321770449232286,0.24825760936207752,0.09300943016209173,0.6736979167818138,76.69482713890264,25.874528009761498,14.107785620049857,15.218805580256591,12.581341507204613,8.270217042645015
0.07602882053368909,0.9313962398356627,0.4765554540892897,0.3535379262161711,0.8943162528702067,0.26907578246879904,0.9471181090634782,0.6831073085237686,0.9099274589878878,0.4989993403636831,0.1996665390943092,0.7354290652428307,0.872742498408298,0.20677863232200988,0.20276655878827332,0.24969543394695748,0.6185968991818083,81.28760286135244,21.29843977027449,16.51977367884964,18.812443632714317,13.767689631080856,11.577265011480826
0.10668929010539119,0.9201881295329896,0.6758121248765265,0.66342407832045,0.6138269752757525,0.764244212635527,0.5414739546030245,0.042263126730997747,0.4822920812010506,0.6206674748317667,0.492340377704212,0.9853613293244484,0.896999773193295,0.8687688356245534,0.4908053516065467,0.9843946826775545,0.9160068296725573,84.77615677113974,22.595381326324965,16.441316906730925,20.406496999012212,15.31712039160225,10.45530790110301
0.22209278307981328,0.5766651863474097,0.05414817128878413,0.799269917779981,0.47832007661204345,0.5407679455918271,0.5024752121216726,0.3937169228523979,0.6863386465303895,0.17480036211904904,0.9765071952370418,0.6982445680961396,0.46007059004643003,0.6892105490596488,0.011819978610448922,0.21075238570144772,0.5810082189794468,78.33280769190287,23.302463721981788,14.036656304431869,15.433185370310273,15.996349588899905,9.913280306448174
0.6127780963617714,0.25970076909029804,0.5485634003791886,0.23713915250754525,0.47134536473845545,0.6130840431384478,0.3659241511219268,0.4987700166101968,0.21053248211065634,0.7007126268163008,0.37230962786881605,0.8543260872408196,0.27962953188068407,0.17988922872699586,0.13113916649872392,0.5758927292079621,0.2285667494996686,80.83117833987066,27.35394904989461,11.817905383632086,19.38850720303351,13.185695762537726,9.885381458953821
0.2699491069025366,0.23580517288550762,0.4322187517308349,0.380883382231468,0.14584373533753636,0.9591479207466692,0.14954805726548293,0.8056683615575901,0.17660727665961284,0.49959782611185066,0.9955617702996016,0.8493899153966604,0.5170069749205006,0.7205603295246306,0.7853329366938784,0.3000341821534487,0.5621384520717112,77.34963402548205,24.617786910518706,11.650636210198552,18.457750013846677,13.904416911157341,8.583374941350145
0.3984019018633276,0.6905431759606442,0.0600363777240166,0.8138180692068463,0.47653942435213703,0.6298622123621544,0.44985481906379177,0.3346565385145628,0.36096202105512154,0.5603500348142645,0.9318445757777681,0.2577148254524192,0.019835333613759998,0.12123748921670374,0.8673685839741367,0.9631165609179141,0.1989581106368732,81.6848736552637,25.243743443357584,14.833802231724508,15.480291021792134,16.06909034603423,9.906157697408549
0.649130951899575,0.17453883572945839,0.7803090980992371,0.3551090383908918,0.6731928401473501,0.48749374430436165,0.736526164762155,0.8896324491382205,0.38107099841284575,0.2865235765557891,0.6317121904834689,0.14484833827806742,0.16757553548053383,0.8077171439570685,0.3373883099989331,0.631273408325837,0.5716375738737934,85.09665973892605,27.46629700760447,11.221771850106208,21.242472784793897,13.775545191954459,10.6927713605894
0.07134407817655741,0.16199948894698535,0.22821793938787327,0.3168782416955612,0.29135635279441985,0.2674723908706379,0.6446442931551882,0.271248101351349,0.44489838764797174,0.8628064836470025,0.3631648402504287,0.5869197735260105,0.9655260328224946,0.41398906087367315,0.183886199103384,0.023101092316507588,0.7277724164324044,72.2819872165115,21.24838556350685,11.133996422628897,16.825743515102985,13.584391208477806,9.16542541117768
0.9404373373379956,0.7006969284246842,0.08006473787554713,0.16691046503965246,0.10300931405688607,0.06379239959116023,0.8786909764497414,0.5484337438182938,0.026364913366241027,0.39701252076016946,0.7649963721335957,0.08325120139068665,0.26245226426498713,0.15527436200016187,0.6548326755433498,0.8854713170963988,0.3093706535499986,80.81873719459564,29.531958172562273,14.904878498972788,15.640517903004376,12.834552325198262,8.412037256227544
